,Unnamed: 0,Unnamed: 0.1,Unnamed: 0.1.1,コース１,コース１.1,コース１.2,コース１.3,コース2,コース2.1,コース2.2,コース2.3,Par,Yards,CourseRating,SlopeRating
17,6483,6483,知多カントリー倶楽部,西,Aグリーン,バック,2009.03.18,中,Aグリーン,バック_,2009.03.18,72,6485,76.5,137
18,6484,6484,知多カントリー倶楽部,西,Aグリーン,レギュラー,2009.03.18,中,Aグリーン,レギュラー,2009.03.18,72,6054,74.3,132
19,6485,6485,知多カントリー倶楽部,西,Aグリーン,フロント,2009.03.18,中,Aグリーン,フロント,2009.03.18,72,6640,72.1,126
20,6486,6486,知多カントリー倶楽部,西,Aグリーン,レディース,2009.03.18,中,Aグリーン,レディース,2009.03.18,72,5474,71.1,123
21,6487,6487,知多カントリー倶楽部,西,Bグリーン,バック_,2009.03.18,中,Bグリーン,バック_,2009.03.18,72,6372,75.6,135
22,6488,6488,知多カントリー倶楽部,西,Bグリーン,レギュラー,2009.03.18,中,Bグリーン,レギュラー_,2009.03.18,72,5941,73.4,129
23,6489,6489,知多カントリー倶楽部,西,Bグリーン,フロント,2009.03.18,中,Bグリーン,フロント,2009.03.18,72,5530,71.3,124
24,6490,6490,知多カントリー倶楽部,西,Bグリーン,レディース,2009.03.18,中,Bグリーン,レディース,2009.03.18,72,5364,70.5,122
25,6491,6491,知多カントリー倶楽部,中,Aグリーン,バック,2009.03.18,東,Aグリーン,バック,2009.03.18,72,6628,77.1,139
26,6492,6492,知多カントリー倶楽部,中,Aグリーン,レギュラー,2009.03.18,東,Aグリーン,レギュラー,2009.03.18,72,6184,74.9,133
27,6493,6493,知多カントリー倶楽部,中,Aグリーン,フロント,2009.03.18,東,Aグリーン,フロント_,2009.03.18,72,5770,72.8,128
28,6494,6494,知多カントリー倶楽部,中,Aグリーン,レディース,2009.03.18,東,Aグリーン,レディース,2009.03.18,72,5598,71.7,125
29,6495,6495,知多カントリー倶楽部,中,Bグリーン,バック,2009.03.18,東,Bグリーン,バック,2009.03.18,72,6480,76.2,137
30,6496,6496,知多カントリー倶楽部,中,Bグリーン,レギュラー,2009.03.18,東,Bグリーン,レギュラー,2009.03.18,72,6036,73.9,131
31,6497,6497,知多カントリー倶楽部,中,Bグリーン,フロント,2009.03.18,東,Bグリーン,フロント,2009.03.18,72,5625,71.8,125
32,6498,6498,知多カントリー倶楽部,中,Bグリーン,レディース,2009.03.18,東,Bグリーン,レディース,2009.03.18,72,5453,71.0,123
33,6269,6269,岡崎カントリー倶楽部,OUT,Aグリーン,ブラック,2021.09.14,IN,Aグリーン,ブラック,2021.09.14,72,6114,76.3,137
34,6270,6270,岡崎カントリー倶楽部,OUT,Aグリーン,ブルー,2021.09.14,IN,Aグリーン,ブルー,2021.09.14,72,6020,75.9,135
35,6271,6271,岡崎カントリー倶楽部,OUT,Aグリーン,ホワイト,2021.09.14,IN,Aグリーン,ホワイト,2021.09.14,72,5618,73.2,131
36,6272,6272,岡崎カントリー倶楽部,OUT,Aグリーン,グリーン,2021.09.14,IN,Aグリーン,グリーン,2021.09.14,72,5225,71.2,128
37,6273,6273,岡崎カントリー倶楽部,OUT,Aグリーン,レッド,2021.09.14,IN,Aグリーン,レッド,2021.09.14,72,4480,67.0,117
38,6274,6274,岡崎カントリー倶楽部,OUT,Bグリーン,ブラック,2021.09.14,IN,Bグリーン,ブラック,2021.09.14,72,6459,78.3,141
39,6275,6275,岡崎カントリー倶楽部,OUT,Bグリーン,ブルー,2021.09.14,IN,Bグリーン,ブルー,2021.09.14,72,6365,77.8,140
40,6276,6276,岡崎カントリー倶楽部,OUT,Bグリーン,ホワイト,2021.09.14,IN,Bグリーン,ホワイト,2021.09.14,72,5963,75.2,139
41,6277,6277,岡崎カントリー倶楽部,OUT,Bグリーン,グリーン,2021.09.14,IN,Bグリーン,グリーン,2021.09.14,72,5570,72.8,133
42,6278,6278,岡崎カントリー倶楽部,OUT,Bグリーン,レッド,2021.09.14,IN,Bグリーン,レッド,2021.09.14,72,4825,68.5,126
43,9528,9528,北条カントリー倶楽部,OUT,ベント,フロント,2012.04.18,IN,ベント,フロント,2012.04.18,72,6112,75.0,131
44,9529,9529,北条カントリー倶楽部,OUT,ベント,ゴールド,2012.04.18,IN,ベント,ゴールド,2012.04.18,72,5542,71.8,124
45,9530,9530,北条カントリー倶楽部,OUT,ベント,レディース,2012.04.18,IN,ベント,レディース,2012.04.18,72,5169,69.5,121
46,9531,9531,北条カントリー倶楽部,OUT,ベント,ピンク,2012.04.18,IN,ベント,ピンク,2012.04.18,72,4895,68.0,118
47,9532,9532,北条カントリー倶楽部,OUT,ベント(サブ),フロント,2012.04.18,IN,ベント(サブ),フロント,2012.04.18,72,5766,72.7,123
48,9533,9533,北条カントリー倶楽部,OUT,ベント(サブ),ゴールド,2012.04.18,IN,ベント(サブ),ゴールド,2012.04.18,72,5226,69.5,118
49,9534,9534,北条カントリー倶楽部,OUT,ベント(サブ),レディース,2012.04.18,IN,ベント(サブ),レディース,2012.04.18,72,4837,67.7,114
50,9535,9535,北条カントリー倶楽部,OUT,ベント(サブ),ピンク,2012.04.18,IN,ベント(サブ),ピンク,2012.04.18,72,4532,65.6,109
51,6235,6235,犬山カンツリー倶楽部,OUT,KG,バック,2017.09.14,IN,KG,バック,2017.09.14,72,6779,79.9,138
52,6236,6236,犬山カンツリー倶楽部,OUT,KG,レギュラー,2017.09.14,IN,KG,レギュラー,2017.09.14,72,6422,77.8,137
53,6237,6237,犬山カンツリー倶楽部,OUT,KG,フロント,2017.09.14,IN,KG,フロント,2017.09.14,72,6272,77.1,134
54,6238,6238,犬山カンツリー倶楽部,OUT,KG,シニア,2017.09.14,IN,KG,シニア,2017.09.14,72,5729,73.8,128
55,6239,6239,犬山カンツリー倶楽部,OUT,KG,レディース,2017.09.14,IN,KG,レディース,2017.09.14,72,5132,70.3,121
56,6240,6240,犬山カンツリー倶楽部,OUT,BG,バック,2017.09.14,IN,BG,バック,2017.09.14,72,6765,80.2,139
57,6241,6241,犬山カンツリー倶楽部,OUT,BG,レギュラー,2017.09.14,IN,BG,レギュラー,2017.09.14,72,6409,77.8,138
58,6242,6242,犬山カンツリー倶楽部,OUT,BG,フロント,2017.09.14,IN,BG,フロント,2017.09.14,72,6247,77.2,137
59,6243,6243,犬山カンツリー倶楽部,OUT,BG,シニア,2017.09.14,IN,BG,シニア,2017.09.14,72,5716,73.8,130
60,6244,6244,犬山カンツリー倶楽部,OUT,BG,レディース,2017.09.14,IN,BG,レディース,2017.09.14,72,5121,70.3,128
61,10105,10105,愛野カントリー倶楽部,OUT,ベント・メイン,BT,2016.11.02,IN,ベント・メイン,BT,2016.11.02,72,7153,81.2,146
62,10106,10106,愛野カントリー倶楽部,OUT,ベント・メイン,RT,2016.11.02,IN,ベント・メイン,RT,2016.11.02,72,6734,79.1,141
63,10107,10107,愛野カントリー倶楽部,OUT,ベント・メイン,FT,2016.11.02,IN,ベント・メイン,FT,2016.11.02,72,6318,76.5,136
64,10108,10108,愛野カントリー倶楽部,OUT,ベント・メイン,ST,2016.11.02,IN,ベント・メイン,ST,2016.11.02,72,5882,74.2,132
65,10109,10109,愛野カントリー倶楽部,OUT,ベント・メイン,GT,2016.11.02,IN,ベント・メイン,GT,2016.11.02,72,5520,72.2,127
66,10110,10110,愛野カントリー倶楽部,OUT,ベント・メイン,LT,2016.11.02,IN,ベント・メイン,LT,2016.11.02,72,4889,68.8,121
67,10111,10111,愛野カントリー倶楽部,OUT,ベント・サブ,BT,2016.11.02,IN,ベント・サブ,BT,2016.11.02,72,7004,80.1,143
68,10112,10112,愛野カントリー倶楽部,OUT,ベント・サブ,RT,2016.11.02,IN,ベント・サブ,RT,2016.11.02,72,6585,77.9,138
69,10113,10113,愛野カントリー倶楽部,OUT,ベント・サブ,FT,2016.11.02,IN,ベント・サブ,FT,2016.11.02,72,6174,75.4,133
70,10114,10114,愛野カントリー倶楽部,OUT,ベント・サブ,ST,2016.11.02,IN,ベント・サブ,ST,2016.11.02,72,5733,73.1,129
71,10115,10115,愛野カントリー倶楽部,OUT,ベント・サブ,GT,2016.11.02,IN,ベント・サブ,GT,2016.11.02,72,5368,71.2,124
72,10116,10116,愛野カントリー倶楽部,OUT,ベント・サブ,LT,2016.11.02,IN,ベント・サブ,LT,2016.11.02,72,4720,67.6,118
73,8178,8178,奈良若草カントリー倶楽部,若草,ベント,フロント1_,2015.02.26,生駒,ベント,フロント1,2002.06.25,72,6041,73.5,130
74,8179,8179,奈良若草カントリー倶楽部,若草,ベント,フロント2,2002.06.25,生駒,ベント,フロント2,2002.06.25,72,5511,70.7,122
75,8180,8180,奈良若草カントリー倶楽部,生駒,ベント,フロント1_,2002.06.25,吉野,ベント,フロント1_,2002.06.25,72,5954,73.4,129
76,8181,8181,奈良若草カントリー倶楽部,生駒,ベント,フロント2,2002.06.25,吉野,ベント,フロント2,2002.06.25,72,5554,71.3,124
77,8182,8182,奈良若草カントリー倶楽部,吉野,ベント,フロント1,2002.06.25,若草,ベント,フロント1,2002.06.25,72,5969,73.5,130
78,8183,8183,奈良若草カントリー倶楽部,吉野,ベント,フロント2,2002.06.25,若草,ベント,フロント2,2002.06.25,72,5515,71.0,123
79,5661,5661,新陽カントリー倶楽部,OUT,ベント,ブラック,2015.09.01,IN,ベント,ブラック,2015.09.01,72,7039,81.0,145
80,5662,5662,新陽カントリー倶楽部,OUT,ベント,ブルー,2015.09.01,IN,ベント,ブルー,2015.09.01,72,6550,78.3,140
81,5663,5663,新陽カントリー倶楽部,OUT,ベント,ホワイト,2015.09.01,IN,ベント,ホワイト,2015.09.01,72,5998,75.2,134
82,5664,5664,新陽カントリー倶楽部,OUT,ベント,レッド,2015.09.01,IN,ベント,レッド,2015.09.01,72,5092,70.2,123
83,8504,8504,作州武蔵カントリー倶楽部,播磨,ベント,バック,2020.07.10,美作,ベント,バック,2020.07.10,72,6830,79.7,147
84,8505,8505,作州武蔵カントリー倶楽部,播磨,ベント,レギュラー,2020.07.10,美作,ベント,レギュラー,2020.07.10,72,6501,78.0,143
85,8506,8506,作州武蔵カントリー倶楽部,播磨,ベント,フロント,2020.07.10,美作,ベント,フロント,2020.07.10,72,6175,76.2,140
86,8507,8507,作州武蔵カントリー倶楽部,播磨,ベント,ゴールド,2020.07.10,美作,ベント,ゴールド,2020.07.10,72,6024,75.4,138
87,8508,8508,作州武蔵カントリー倶楽部,播磨,ベント,レディース,2020.07.10,美作,ベント,レディース,2020.07.10,72,5497,72.6,131
88,8509,8509,作州武蔵カントリー倶楽部,美作,ベント,バック,2020.07.10,因幡,ベント,バック,2020.07.10,72,6916,80.1,145
89,8510,8510,作州武蔵カントリー倶楽部,美作,ベント,レギュラー,2020.07.10,因幡,ベント,レギュラー,2020.07.10,72,6589,78.4,141
90,8511,8511,作州武蔵カントリー倶楽部,美作,ベント,フロント,2020.07.10,因幡,ベント,フロント,2020.07.10,72,6256,76.5,139
91,8512,8512,作州武蔵カントリー倶楽部,美作,ベント,ゴールド,2020.07.10,因幡,ベント,ゴールド,2020.07.10,72,6121,75.8,137
92,8513,8513,作州武蔵カントリー倶楽部,美作,ベント,レディース,2020.07.10,因幡,ベント,レディース,2020.07.10,72,5524,72.6,128
93,8514,8514,作州武蔵カントリー倶楽部,因幡,ベント,バック,2020.07.10,播磨,ベント,バック,2020.07.10,72,6804,79.2,144
98,8829,8829,広島西カントリー倶楽部,OUT,ベント,フルバック,2018.05.18,IN,ベント,フルバック,2018.05.18,72,6599,79.0,144
99,8830,8830,広島西カントリー倶楽部,OUT,ベント,バック,2018.05.18,IN,ベント,バック,2018.05.18,72,6519,78.6,143
100,8831,8831,広島西カントリー倶楽部,OUT,ベント,レギュラー,2018.05.18,IN,ベント,レギュラー,2018.05.18,72,6186,76.8,140
101,8832,8832,広島西カントリー倶楽部,OUT,ベント,フロント,2018.05.18,IN,ベント,フロント,2018.05.18,72,5923,75.7,138
102,8833,8833,広島西カントリー倶楽部,OUT,ベント,レディース,2018.05.18,IN,ベント,レディース,2018.05.18,72,5386,72.8,131
103,8899,8899,本郷カントリー倶楽部,OUT,Aベント,バック,2020.04.07,IN,Aベント,バック,2020.04.07,72,6837,79.5,149
104,8900,8900,本郷カントリー倶楽部,OUT,Aベント,レギュラー,2020.04.07,IN,Aベント,レギュラー,2020.04.07,72,6437,77.4,144
105,8901,8901,本郷カントリー倶楽部,OUT,Aベント,月例,2020.04.07,IN,Aベント,月例,2020.04.07,72,6336,76.8,143
106,8902,8902,本郷カントリー倶楽部,OUT,Aベント,フロント,2020.04.07,IN,Aベント,フロント,2020.04.07,72,6049,75.3,139
107,8903,8903,本郷カントリー倶楽部,OUT,Aベント,シニア月例,2020.04.07,IN,Aベント,シニア月例,2020.04.07,72,6004,75.0,139
108,8904,8904,本郷カントリー倶楽部,OUT,Aベント,シニア,2020.04.07,IN,Aベント,シニア,2020.04.07,72,5423,71.7,129
127,9083,9083,柳井カントリー倶楽部,OUT,メイン(ベント),フロント,2014.06.16,IN,メイン(ベント),フロント,2014.06.16,72,6182,74.1,131
128,9084,9084,柳井カントリー倶楽部,OUT,メイン(ベント),レディース,2014.06.16,IN,メイン(ベント),レディース,2014.06.16,72,5193,69.0,122
129,9085,9085,柳井カントリー倶楽部,OUT,サブ(ベント),バック,2014.06.16,IN,サブ(ベント),バック,2014.06.16,72,6863,77.9,141
130,9086,9086,柳井カントリー倶楽部,OUT,サブ(ベント),レギュラー,2014.06.16,IN,サブ(ベント),レギュラー,2014.06.16,72,6547,76.4,132
131,9087,9087,柳井カントリー倶楽部,OUT,サブ(ベント),フロント,2014.06.16,IN,サブ(ベント),フロント,2014.06.16,72,6221,74.4,130
132,9088,9088,柳井カントリー倶楽部,OUT,サブ(ベント),レディース,2014.06.16,IN,サブ(ベント),レディース,2014.06.16,72,5246,69.3,121
133,9089,9089,柳井カントリー倶楽部,IN,メイン(ベント),バック,2014.06.16,中,メイン(ベント),バック,2014.06.16,72,6620,77.3,134
134,9090,9090,柳井カントリー倶楽部,IN,メイン(ベント),レギュラー,2014.06.16,中,メイン(ベント),レギュラー,2014.06.16,72,6319,75.9,128
135,9091,9091,柳井カントリー倶楽部,IN,メイン(ベント),フロント,2014.06.16,中,メイン(ベント),フロント,2014.06.16,72,6009,73.8,126
136,9092,9092,柳井カントリー倶楽部,IN,メイン(ベント),レディース,2014.06.16,中,メイン(ベント),レディース,2014.06.16,72,5027,68.4,120
137,9093,9093,柳井カントリー倶楽部,IN,サブ(ベント),バック,2014.06.16,中,サブ(ベント),バック,2014.06.16,72,6744,78.0,136
138,9094,9094,柳井カントリー倶楽部,IN,サブ(ベント),レギュラー,2014.06.16,中,サブ(ベント),レギュラー,2014.06.16,72,6443,76.4,129
139,9095,9095,柳井カントリー倶楽部,IN,サブ(ベント),フロント,2014.06.16,中,サブ(ベント),フロント,2014.06.16,72,6153,74.6,126
140,9096,9096,柳井カントリー倶楽部,IN,サブ(ベント),レディース,2014.06.16,中,サブ(ベント),レディース,2014.06.16,72,5145,69.0,121
141,9097,9097,柳井カントリー倶楽部,中,メイン(ベント),バック,2014.06.16,OUT,メイン(ベント),バック,2014.06.16,72,6892,78.8,141
142,9098,9098,柳井カントリー倶楽部,中,メイン(ベント),レギュラー,2014.06.16,OUT,メイン(ベント),レギュラー,2014.06.16,72,6555,76.9,134
143,9099,9099,柳井カントリー倶楽部,中,メイン(ベント),フロント,2014.06.16,OUT,メイン(ベント),フロント,2014.06.16,72,6201,74.7,133
144,9100,9100,柳井カントリー倶楽部,中,メイン(ベント),レディース,2014.06.16,OUT,メイン(ベント),レディース,2014.06.16,72,5206,69.6,126
145,9101,9101,柳井カントリー倶楽部,中,サブ(ベント),バック,2014.06.16,OUT,サブ(ベント),バック,2014.06.16,72,6965,79.1,142
146,9102,9102,柳井カントリー倶楽部,中,サブ(ベント),レギュラー,2014.06.16,OUT,サブ(ベント),レギュラー,2014.06.16,72,6628,77.2,135
147,9103,9103,柳井カントリー倶楽部,中,サブ(ベント),フロント,2014.06.16,OUT,サブ(ベント),フロント,2014.06.16,72,6296,75.2,133
148,9104,9104,柳井カントリー倶楽部,中,サブ(ベント),レディース,2014.06.16,OUT,サブ(ベント),レディース,2014.06.16,72,5289,69.9,126
149,7071,7071,三鈴カントリー倶楽部,OUT,ベント,バック,2013.08.09,IN,ベント,バック,2013.08.09,72,7010,80.2,134
158,7080,7080,三鈴カントリー倶楽部,OUT,コウライ,レディース,2013.08.09,IN,コウライ,レディース,2013.08.09,72,5135,69.4,119
159,9401,9401,宇和島カントリー倶楽部,OUT,ベント,バック,2007.06.27,IN,ベント,バック,2007.06.27,72,6840,77.8,141
160,9402,9402,宇和島カントリー倶楽部,OUT,ベント,レギュラー,2007.06.27,IN,ベント,レギュラー,2007.06.27,72,6398,75.5,135
161,9403,9403,宇和島カントリー倶楽部,OUT,ベント,フロント,2007.06.27,IN,ベント,フロント,2007.06.27,72,6314,75.1,134
162,9404,9404,宇和島カントリー倶楽部,OUT,ベント,ゴールド,2007.06.27,IN,ベント,ゴールド,2007.06.27,72,5617,71.4,124
163,9405,9405,宇和島カントリー倶楽部,OUT,ベント,レディース,2007.06.27,IN,ベント,レディース,2007.06.27,72,5324,70.0,120
164,5026,5026,境川カントリー倶楽部,OUT,Main,バック,2010.06.03,IN,Main,バック,2010.06.03,72,6531,76.2,137
195,1035,1035,小名浜カントリー倶楽部,東,ベント,レディース,2018.07.03,南,ベント,レディース,2018.07.03,72,5070,68.0,122
196,1036,1036,小名浜カントリー倶楽部,南,ベント,バック,2018.07.03,西,ベント,バック,2018.07.03,72,6699,79.5,140
197,1037,1037,小名浜カントリー倶楽部,南,ベント,レギュラー,2018.07.03,西,ベント,レギュラー,2018.07.03,72,6316,77.2,136
198,1038,1038,小名浜カントリー倶楽部,南,ベント,フロント,2018.07.03,西,ベント,フロント,2018.07.03,72,5772,73.7,128
199,1039,1039,小名浜カントリー倶楽部,南,ベント,レディース,2018.07.03,西,ベント,レディース,2018.07.03,72,4999,68.1,118
200,1040,1040,小名浜カントリー倶楽部,西,ベント,バック,2018.07.03,東,ベント,バック,2018.07.03,72,6899,80.6,143
201,1041,1041,小名浜カントリー倶楽部,西,ベント,レギュラー,2018.07.03,東,ベント,レギュラー,2018.07.03,72,6360,77.3,140
202,1042,1042,小名浜カントリー倶楽部,西,ベント,フロント,2018.07.03,東,ベント,フロント,2018.07.03,72,5829,73.7,136
203,1043,1043,小名浜カントリー倶楽部,西,ベント,レディース,2018.07.03,東,ベント,レディース,2018.07.03,72,4995,68.5,125
204,7657,7657,岸和田カントリー倶楽部,梅,ベント,レギュラー_,2007.11.20,松,ベント,レギュラー,1979.07.01,72,6157,73.6,130
205,7658,7658,岸和田カントリー倶楽部,松,ベント,レギュラー,1979.07.01,竹,ベント,レギュラー_,1979.07.01,72,6329,74.5,132
206,7659,7659,岸和田カントリー倶楽部,竹,ベント,レギュラー,1979.07.01,梅,ベント,レギュラー,1979.07.01,72,6296,74.3,132
207,6717,6717,阿山カンツリー倶楽部,OUT,メイン,バック,2014.05.09,IN,メイン,バック,2014.05.09,72,6882,80.6,147
208,6718,6718,阿山カンツリー倶楽部,OUT,メイン,レギュラー,2014.05.09,IN,メイン,レギュラー,2014.05.09,72,6489,78.6,138
209,6719,6719,阿山カンツリー倶楽部,OUT,メイン,フロント,2014.05.09,IN,メイン,フロント,2014.05.09,72,6060,75.8,134
210,6720,6720,阿山カンツリー倶楽部,OUT,メイン,レディース,2014.05.09,IN,メイン,レディース,2014.05.09,72,5053,70.5,128
211,6721,6721,阿山カンツリー倶楽部,OUT,サブ,バック,2014.05.09,IN,メイン,バック,2014.05.09,72,6871,80.5,147
212,6722,6722,阿山カンツリー倶楽部,OUT,サブ,レギュラー,2014.05.09,IN,メイン,レギュラー,2014.05.09,72,6480,78.5,139
213,6723,6723,阿山カンツリー倶楽部,OUT,サブ,フロント,2014.05.09,IN,メイン,フロント,2014.05.09,72,6026,75.5,135
214,6724,6724,阿山カンツリー倶楽部,OUT,サブ,レディース,2014.05.09,IN,メイン,レディース,2014.05.09,72,5035,70.4,127
215,1426,1426,猿島カントリー倶楽部,OUT,ベント,チャンピオン,2013.08.30,IN,ベント,チャンピオン,2013.08.30,72,7003,80.6,142
216,1427,1427,猿島カントリー倶楽部,OUT,ベント,バック,2013.08.30,IN,ベント,バック,2013.08.30,72,6621,78.2,137
217,1428,1428,猿島カントリー倶楽部,OUT,ベント,レギュラー,2013.08.30,IN,ベント,レギュラー,2013.08.30,72,6165,75.4,132
218,1429,1429,猿島カントリー倶楽部,OUT,ベント,レディース,2013.08.30,IN,ベント,レディース,2013.08.30,72,5590,71.9,126
219,3079,3079,平成倶楽部鉢形城コース,OUT,Aグリーン,バック 1,2020.11.02,IN,Aグリーン,バック 1,2020.11.02,72,6579,78.5,140
220,3080,3080,平成倶楽部鉢形城コース,OUT,Aグリーン,バック 2,2020.11.02,IN,Aグリーン,バック 2,2020.11.02,72,6517,78.2,139
221,3081,3081,平成倶楽部鉢形城コース,OUT,Aグリーン,レギュラー 1,2020.11.02,IN,Aグリーン,レギュラー 1,2020.11.02,72,6091,75.7,134
222,3082,3082,平成倶楽部鉢形城コース,OUT,Aグリーン,レギュラー 2,2020.11.02,IN,Aグリーン,レギュラー 2,2020.11.02,72,5746,73.6,130
223,3083,3083,平成倶楽部鉢形城コース,OUT,Aグリーン,レディース 1,2020.11.02,IN,Aグリーン,レディース 1,2020.11.02,72,5132,70.0,124
224,3084,3084,平成倶楽部鉢形城コース,OUT,Aグリーン,レディース 2,2020.11.02,IN,Aグリーン,レディース 2,2020.11.02,72,5003,69.3,122
225,3085,3085,平成倶楽部鉢形城コース,OUT,Bグリーン,バック 1,2020.11.02,IN,Bグリーン,バック 1,2020.11.02,72,6191,76.7,136
226,3086,3086,平成倶楽部鉢形城コース,OUT,Bグリーン,バック 2,2020.11.02,IN,Bグリーン,バック 2,2020.11.02,72,6129,76.3,135
227,3087,3087,平成倶楽部鉢形城コース,OUT,Bグリーン,レギュラー 1,2020.11.02,IN,Bグリーン,レギュラー 1,2020.11.02,72,5702,73.8,131
228,3088,3088,平成倶楽部鉢形城コース,OUT,Bグリーン,レギュラー 2,2020.11.02,IN,Bグリーン,レギュラー 2,2020.11.02,72,5379,71.7,127
229,3089,3089,平成倶楽部鉢形城コース,OUT,Bグリーン,レディース 1,2020.11.02,IN,Bグリーン,レディース 1,2020.11.02,72,4772,68.3,120
230,3090,3090,平成倶楽部鉢形城コース,OUT,Bグリーン,レディース 2,2020.11.02,IN,Bグリーン,レディース 2,2020.11.02,72,4661,67.7,119
231,6521,6521,豊田カントリー倶楽部,OUT,ベント,バック,2004.11.29,IN,ベント,バック,2004.11.29,72,6403,76.1,137
232,6522,6522,豊田カントリー倶楽部,OUT,ベント,レギュラー,2004.11.29,IN,ベント,レギュラー,2004.11.29,72,6117,74.7,133
233,6523,6523,豊田カントリー倶楽部,OUT,ベント,フロント,2004.11.29,IN,ベント,フロント,2004.11.29,72,5795,73.0,128
234,6524,6524,豊田カントリー倶楽部,OUT,ベント,レディス,2004.11.29,IN,ベント,レディス,2004.11.29,72,5624,72.2,126
235,6525,6525,豊田カントリー倶楽部,OUT,ベント,ダイヤモンド,2004.11.29,IN,ベント,ダイヤモンド,2004.11.29,72,5169,69.7,120
236,5296,5296,豊科カントリー倶楽部,OUT,すずらん,レギュラー,2014.04.04,IN,すずらん,レギュラー,2014.04.04,72,6496,77.2,140
237,5297,5297,豊科カントリー倶楽部,OUT,すずらん,バック,2014.04.04,IN,すずらん,バック,2014.04.04,72,6886,79.4,143
238,5298,5298,豊科カントリー倶楽部,OUT,すずらん,フロント,2014.04.04,IN,すずらん,フロント,2014.04.04,72,6085,74.9,135
239,5299,5299,豊科カントリー倶楽部,OUT,すずらん,レディース,2014.04.04,IN,すずらん,レディース,2014.04.04,72,5810,73.0,133
240,5300,5300,豊科カントリー倶楽部,OUT,あやめ,レギュラー,2014.04.04,IN,あやめ,レギュラー,2014.04.04,72,6238,75.6,137
241,5301,5301,豊科カントリー倶楽部,OUT,あやめ,バック,2014.04.04,IN,あやめ,バック,2014.04.04,72,6623,77.8,141
242,5302,5302,豊科カントリー倶楽部,OUT,あやめ,フロント,2014.04.04,IN,あやめ,フロント,2014.04.04,72,5837,73.2,131
243,5303,5303,豊科カントリー倶楽部,OUT,あやめ,レディース,2014.04.04,IN,あやめ,レディース,2014.04.04,72,5561,71.5,128
250,9193,9193,徳島カントリー倶楽部,OUT,ベント,ピンク,2019.12.05,IN,ベント,ピンク,2019.12.05,72,5173,69.8,121
251,2451,2451,入間カントリー倶楽部,OUT,Aグリーン,フルバック,2013.10.04,IN,Aグリーン,フルバック,2013.10.04,72,6654,78.6,138
252,2452,2452,入間カントリー倶楽部,OUT,Aグリーン,バック,2013.10.04,IN,Aグリーン,バック,2013.10.04,72,6527,77.8,137
253,2453,2453,入間カントリー倶楽部,OUT,Aグリーン,レギュラー,2013.10.04,IN,Aグリーン,レギュラー,2013.10.04,72,6170,75.8,131
254,2454,2454,入間カントリー倶楽部,OUT,Aグリーン,フロント1,2013.10.04,IN,Aグリーン,フロント1,2013.10.04,72,5743,73.2,128
255,2455,2455,入間カントリー倶楽部,OUT,Aグリーン,フロント2,2013.10.04,IN,Aグリーン,フロント2,2013.10.04,72,5381,71.1,124
256,2456,2456,入間カントリー倶楽部,OUT,Aグリーン,レディース,2013.10.04,IN,Aグリーン,レディース,2013.10.04,72,4908,68.6,119
257,2457,2457,入間カントリー倶楽部,OUT,Bグリーン,フルバック,2013.10.04,IN,Bグリーン,フルバック,2013.10.04,72,6457,77.3,136
258,2458,2458,入間カントリー倶楽部,OUT,Bグリーン,バック,2013.10.04,IN,Bグリーン,バック,2013.10.04,72,6330,76.6,133
259,2459,2459,入間カントリー倶楽部,OUT,Bグリーン,レギュラー,2013.10.04,IN,Bグリーン,レギュラー,2013.10.04,72,5973,74.2,131
260,2460,2460,入間カントリー倶楽部,OUT,Bグリーン,フロント1,2013.10.04,IN,Bグリーン,フロント1,2013.10.04,72,5546,71.7,127
261,2461,2461,入間カントリー倶楽部,OUT,Bグリーン,フロント2,2013.10.04,IN,Bグリーン,フロント2,2013.10.04,72,5180,69.7,122
262,2462,2462,入間カントリー倶楽部,OUT,Bグリーン,レディース,2013.10.04,IN,Bグリーン,レディース,2013.10.04,72,4707,67.2,117
263,6406,6406,新城カントリー倶楽部,南,ベント(右),バック,2010.04.21,東,ベント(右),バック,2010.04.21,72,6596,76.1,137
264,6407,6407,新城カントリー倶楽部,南,ベント(右),レギュラー,2010.04.21,東,ベント(右),レギュラー,2010.04.21,72,6231,74.2,131
265,6408,6408,新城カントリー倶楽部,南,ベント(右),フロント_,2010.04.21,東,ベント(右),フロント,2010.04.21,72,5835,72.3,126
266,6409,6409,新城カントリー倶楽部,南,ベント(右),レディス,2010.04.21,東,ベント(右),レディス_,2010.04.21,72,5196,69.3,118
267,6410,6410,新城カントリー倶楽部,南,ベント(左),バック_,2010.04.21,東,ベント(左),バック,2010.04.21,72,6249,74.2,131
268,6411,6411,新城カントリー倶楽部,南,ベント(左),レギュラー_,2010.04.21,東,ベント(左),レギュラー,2010.04.21,72,5887,72.2,126
269,6412,6412,新城カントリー倶楽部,南,ベント(左),フロント,2010.04.21,東,ベント(左),フロント,2010.04.21,72,5506,70.4,121
270,6413,6413,新城カントリー倶楽部,南,ベント(左),レディス,2010.04.21,東,ベント(左),レディス,2010.04.21,72,4871,67.7,114
271,6414,6414,新城カントリー倶楽部,東,ベント(右),バック,2010.04.21,北,ベント(右),バック,2010.04.21,72,6597,76.3,137
272,6415,6415,新城カントリー倶楽部,東,ベント(右),レギュラー,2010.04.21,北,ベント(右),レギュラー_,2010.04.21,72,6234,74.5,132
273,6416,6416,新城カントリー倶楽部,東,ベント(右),フロント,2010.04.21,北,ベント(右),フロント_,2010.04.21,72,5775,72.2,126
274,6417,6417,新城カントリー倶楽部,東,ベント(右),レディス,2010.04.21,北,ベント(右),レディス,2010.04.21,72,4959,68.6,117
275,6418,6418,新城カントリー倶楽部,東,ベント(左),バック_,2010.04.21,北,ベント(左),バック,2010.04.21,72,6321,74.7,133
276,6419,6419,新城カントリー倶楽部,東,ベント(左),レギュラー_,2010.04.21,北,ベント(左),レギュラー,2010.04.21,72,5961,72.7,128
277,6420,6420,新城カントリー倶楽部,東,ベント(左),フロント,2010.04.21,北,ベント(左),フロント,2010.04.21,72,5520,70.7,122
278,6421,6421,新城カントリー倶楽部,東,ベント(左),レディス,2010.04.21,北,ベント(左),レディス,2010.04.21,72,4570,67.5,114
279,6422,6422,新城カントリー倶楽部,北,ベント(右),バック,2010.04.21,南,ベント(右),バック,2010.04.21,72,6747,76.6,138
280,6423,6423,新城カントリー倶楽部,北,ベント(右),レギュラー,2010.04.21,南,ベント(右),レギュラー,2010.04.21,72,6361,74.7,133
281,6424,6424,新城カントリー倶楽部,北,ベント(右),フロント,2010.04.21,南,ベント(右),フロント,2010.04.21,72,5912,72.7,128
289,10284,10284,球磨カントリー倶楽部,薩摩,ベント,ゴールド,2022.01.13,日向,ベント,ゴールド,2022.01.13,72,5645,73.4,133
290,10285,10285,球磨カントリー倶楽部,薩摩,ベント,レディース1,2022.01.13,日向,ベント,レディース1,2022.01.13,72,4878,68.8,125
291,10286,10286,球磨カントリー倶楽部,日向,ベント,レギュラー,2022.01.13,肥後,ベント,レギュラー,2022.01.13,72,6129,76.3,140
292,10287,10287,球磨カントリー倶楽部,日向,ベント,フロント1,2022.01.13,肥後,ベント,フロント1,2022.01.13,72,5970,75.4,136
293,10288,10288,球磨カントリー倶楽部,日向,ベント,ゴールド,2022.01.13,肥後,ベント,ゴールド,2022.01.13,72,5478,72.2,130
294,10289,10289,球磨カントリー倶楽部,日向,ベント,レディース1,2022.01.13,肥後,ベント,レディース1,2022.01.13,72,4865,68.5,123
295,10290,10290,球磨カントリー倶楽部,肥後,ベント,レギュラー,2022.01.13,薩摩,ベント,レギュラー,2022.01.13,72,6164,76.3,142
296,10291,10291,球磨カントリー倶楽部,肥後,ベント,フロント1,2022.01.13,薩摩,ベント,フロント1,2022.01.13,72,5945,74.8,140
297,10292,10292,球磨カントリー倶楽部,肥後,ベント,ゴールド,2022.01.13,薩摩,ベント,ゴールド,2022.01.13,72,5515,72.2,130
298,10293,10293,球磨カントリー倶楽部,肥後,ベント,レディース1,2022.01.13,薩摩,ベント,レディース1,2022.01.13,72,4839,68.5,122
299,9760,9760,小倉カンツリー倶楽部,M-OUT,ベント,フルバック,2020.11.30,M-イン,ベント,フルバック,2020.11.30,72,6622,78.0,143
300,9761,9761,小倉カンツリー倶楽部,M-OUT,ベント,バック,2020.11.30,M-イン,ベント,バック,2020.11.30,72,6326,76.4,139
301,9762,9762,小倉カンツリー倶楽部,M-OUT,ベント,レギュラー,2020.11.30,M-イン,ベント,レギュラー,2020.11.30,72,5969,74.6,135
302,9763,9763,小倉カンツリー倶楽部,M-OUT,ベント,フロント,2020.11.30,M-イン,ベント,フロント,2020.11.30,72,5640,72.6,132
303,9764,9764,小倉カンツリー倶楽部,M-OUT,ベント,レディース,2020.11.30,M-イン,ベント,レディース,2020.11.30,72,5345,70.8,127
304,9765,9765,小倉カンツリー倶楽部,本-OUT,ベント,フルバック,2020.11.30,本-イン,ベント,フルバック,2020.11.30,72,6622,78.0,143
305,9766,9766,小倉カンツリー倶楽部,本-OUT,ベント,バック,2020.11.30,本-イン,ベント,バック,2020.11.30,72,6326,76.4,139
306,9767,9767,小倉カンツリー倶楽部,本-OUT,ベント,レギュラー,2020.11.30,本-イン,ベント,レギュラー,2020.11.30,72,5969,74.5,135
307,9768,9768,小倉カンツリー倶楽部,本-OUT,ベント,フロント,2020.11.30,本-イン,ベント,フロント,2020.11.30,72,5640,72.6,132
308,9769,9769,小倉カンツリー倶楽部,本-OUT,ベント,レディース,2020.11.30,本-イン,ベント,レディース,2020.11.30,72,5345,70.8,129
309,4337,4337,フォレストカントリー倶楽部,東OUT,メイン,バック,2019.04.18,東IN,メイン,バック,2019.04.18,72,7050,79.7,142
310,4338,4338,フォレストカントリー倶楽部,東OUT,メイン,レギュラー,2019.04.18,東,メイン,レギュラー,2019.04.18,72,6540,76.9,137
311,4339,4339,フォレストカントリー倶楽部,東OUT,メイン,フロント1,2019.04.18,東IN,メイン,フロント1,2019.04.18,72,5982,73.6,131
312,4340,4340,フォレストカントリー倶楽部,東OUT,メイン,フロント2,2019.04.18,東IN,メイン,フロント2,2019.04.18,72,5403,70.3,124
313,4341,4341,フォレストカントリー倶楽部,東OUT,メイン,フロント3,2019.04.18,東IN,メイン,フロント3,2019.04.18,72,5337,69.9,123
314,4342,4342,フォレストカントリー倶楽部,東OUT,サブ,バック,2019.04.18,東IN,サブ,バック,2019.04.18,72,6819,78.5,139
315,4343,4343,フォレストカントリー倶楽部,東OUT,サブ,レギュラー,2019.04.18,東IN,サブ,レギュラー,2019.04.18,72,6309,75.6,133
316,4344,4344,フォレストカントリー倶楽部,東OUT,サブ,フロント1,2019.04.18,東IN,サブ,フロント1,2019.04.18,72,5751,72.4,128
317,4345,4345,フォレストカントリー倶楽部,東OUT,サブ,フロント2,2019.04.18,東IN,サブ,フロント2,2019.04.18,72,5174,69.3,121
318,4346,4346,フォレストカントリー倶楽部,東OUT,サブ,フロント3,2019.04.18,東IN,サブ,フロント3,2019.04.18,72,5108,68.6,121
319,4347,4347,フォレストカントリー倶楽部,西OUT,メイン,フルバック,2015.04.28,西IN,メイン,フルバック,2015.04.28,72,6754,78.7,136
320,4348,4348,フォレストカントリー倶楽部,西OUT,メイン,バック,2015.04.28,西IN,メイン,バック,2015.04.28,72,6679,78.3,135
321,4349,4349,フォレストカントリー倶楽部,西OUT,メイン,レギュラー,2015.04.28,西IN,メイン,レギュラー,2015.04.28,72,6273,75.9,131
322,4350,4350,フォレストカントリー倶楽部,西OUT,メイン,フロント1,2015.04.28,西IN,メイン,フロント1,2015.04.28,72,5818,73.2,127
323,4351,4351,フォレストカントリー倶楽部,西OUT,メイン,フロント2,2015.04.28,西IN,メイン,フロント2,2015.04.28,72,5660,72.2,125
324,4352,4352,フォレストカントリー倶楽部,西OUT,メイン,レディース,2015.04.28,西IN,メイン,レディース,2015.04.28,72,5660,72.0,124
325,4353,4353,フォレストカントリー倶楽部,西OUT,サブ,フルバック,2015.04.28,西IN,サブ,フルバック,2015.04.28,72,6573,77.8,134
326,4354,4354,フォレストカントリー倶楽部,西OUT,サブ,バック,2015.04.28,西IN,サブ,バック,2015.04.28,72,6499,77.4,133
327,4355,4355,フォレストカントリー倶楽部,西OUT,サブ,レギュラー,2015.04.28,西IN,サブ,レギュラー,2015.04.28,72,6095,74.9,129
328,4356,4356,フォレストカントリー倶楽部,西OUT,サブ,フロント1,2015.04.28,西IN,サブ,フロント1,2015.04.28,72,5627,72.3,124
329,4357,4357,フォレストカントリー倶楽部,西OUT,サブ,フロント2,2015.04.28,西IN,サブ,フロント2,2015.04.28,72,5469,71.2,122
330,4358,4358,フォレストカントリー倶楽部,西OUT,サブ,レディース,2015.04.28,西IN,サブ,レディース,2015.04.28,72,5469,71.0,122
331,8237,8237,紀の国カントリー倶楽部,OUT,コーライ,レギュラー,2016.02.16,IN,コーライ,レギュラー,2016.02.16,72,5984,74.8,133
332,8238,8238,紀の国カントリー倶楽部,OUT,コーライ,フロント,2016.02.16,IN,コーライ,フロント,2016.02.16,72,5571,72.5,128
333,8239,8239,紀の国カントリー倶楽部,OUT,コーライ,ゴールド,2016.02.16,IN,コーライ,ゴールド,2016.02.16,72,5376,71.4,126
334,8240,8240,紀の国カントリー倶楽部,OUT,コーライ,レディース,2016.02.16,IN,コーライ,レディース,2016.02.16,72,4703,67.5,117
335,4115,4115,湯河原カンツリー倶楽部,OUT,ベント,バック,2016.04.12,IN,ベント,バック,2016.04.12,72,5805,76.0,133
336,4116,4116,湯河原カンツリー倶楽部,OUT,ベント,レギュラー,2016.04.12,IN,ベント,レギュラー,2016.04.12,72,5565,74.7,130
337,4117,4117,湯河原カンツリー倶楽部,OUT,ベント,フロント1,2016.04.12,IN,ベント,フロント1,2016.04.12,72,5221,72.8,126
338,4118,4118,湯河原カンツリー倶楽部,OUT,コーライ,バック,2016.04.12,IN,コーライ,バック,2016.04.12,72,5508,74.1,127
339,4119,4119,湯河原カンツリー倶楽部,OUT,コーライ,レギュラー,2016.04.12,IN,コーライ,レギュラー,2016.04.12,72,5286,72.8,125
340,4120,4120,湯河原カンツリー倶楽部,OUT,コーライ,フロント1,2016.04.12,IN,コーライ,フロント1,2016.04.12,72,4965,71.1,121
341,8809,8809,広島佐伯カントリー倶楽部,権現(OUT),メインベント,バック,2004.12.07,権現(イン),メインベント,バック,2004.12.07,72,6633,76.2,137
342,8810,8810,広島佐伯カントリー倶楽部,権現(OUT),メインベント,レギュラー,2004.12.07,権現(イン),メインベント,レギュラー,2004.12.07,72,6238,74.1,131
343,8811,8811,広島佐伯カントリー倶楽部,権現(OUT),メインベント,フロント,2004.12.07,権現(イン),メインベント,フロント,2004.12.07,72,5910,72.4,127
344,8812,8812,広島佐伯カントリー倶楽部,権現(OUT),メインベント,レディース,2004.12.07,権現(イン),メインベント,レディース,2004.12.07,72,5302,69.6,119
345,8813,8813,広島佐伯カントリー倶楽部,権現(OUT),サブベント,バック,2004.12.07,権現(イン),サブベント,バック,2004.12.07,72,6568,75.9,136
346,8814,8814,広島佐伯カントリー倶楽部,権現(OUT),サブベント,レギュラー,2004.12.07,権現(イン),サブベント,レギュラー,2004.12.07,72,6174,73.8,131
347,8815,8815,広島佐伯カントリー倶楽部,権現(OUT),サブベント,フロント,2004.12.07,権現(イン),サブベント,フロント,2004.12.07,72,5852,72.1,126
348,8816,8816,広島佐伯カントリー倶楽部,権現(OUT),サブベント,レディース,2004.12.07,権現(イン),サブベント,レディース,2004.12.07,72,5243,69.3,118
349,8817,8817,広島佐伯カントリー倶楽部,勝成(OUT),ベント,バック,2004.11.19,勝成(イン),ベント,バック,2004.11.19,72,6107,73.9,131
350,8818,8818,広島佐伯カントリー倶楽部,勝成(OUT),ベント,レギュラー,2004.11.19,勝成(イン),ベント,レギュラー,2004.11.19,72,5838,72.8,128
351,8819,8819,広島佐伯カントリー倶楽部,勝成(OUT),ベント,フロント,2004.11.19,勝成(イン),ベント,フロント,2004.11.19,72,5510,71.1,123
352,8820,8820,広島佐伯カントリー倶楽部,勝成(OUT),ベント,レディース,2004.11.19,勝成(イン),ベント,レディース,2004.11.19,72,4721,67.4,113
353,8184,8184,花吉野カンツリー倶楽部,OUT,ベント,レギュラー,2014.03.17,IN,ベント,レギュラー,2014.03.17,72,6331,76.5,138
354,8185,8185,花吉野カンツリー倶楽部,OUT,ベント,フロント,2014.03.17,IN,ベント,フロント,2014.03.17,72,5622,72.6,129
355,8186,8186,花吉野カンツリー倶楽部,OUT,ベント,レディース,2014.03.17,IN,ベント,レディース,2014.03.17,72,5336,71.0,126
356,6968,6968,津カントリー倶楽部,OUT,ベント,Champ,2009.07.03,IN,ベント,Champ,2009.07.03,72,7023,79.3,145
357,6969,6969,津カントリー倶楽部,OUT,ベント,Back,2009.07.03,IN,ベント,Back,2009.07.03,72,6621,77.2,139
358,6970,6970,津カントリー倶楽部,OUT,ベント,Regular,2009.07.03,IN,ベント,Regular,2009.07.03,72,6178,75.0,134
359,6971,6971,津カントリー倶楽部,OUT,ベント,Front,2009.07.03,IN,ベント,Front,2009.07.03,72,5516,71.5,124
360,6972,6972,津カントリー倶楽部,OUT,ベント,Ladies,2009.07.03,IN,ベント,Ladies,2009.07.03,72,4489,67.4,113
361,10149,10149,佐世保カントリー倶楽部,OUT,ベント,バック,2017.03.10,IN,ベント,バック,2017.03.10,72,6783,78.9,144
362,10150,10150,佐世保カントリー倶楽部,OUT,ベント,レギュラー,2017.03.10,IN,ベント,レギュラー,2017.03.10,72,6466,77.1,140
363,10151,10151,佐世保カントリー倶楽部,OUT,ベント,フロント1,2017.03.10,IN,ベント,フロント1,2017.03.10,72,6120,76.0,138
364,10152,10152,佐世保カントリー倶楽部,OUT,ベント,フロント2,2017.03.10,IN,ベント,フロント2,2017.03.10,72,5738,73.6,133
365,10153,10153,佐世保カントリー倶楽部,OUT,ベント,レディース,2017.03.10,IN,ベント,レディース,2017.03.10,72,5006,69.0,124
366,1277,1277,鹿島の杜カントリー倶楽部,OUT,ベント,バック,2014.11.11,IN,ベント,バック,2014.11.11,72,7730,84.2,154
367,1278,1278,鹿島の杜カントリー倶楽部,OUT,ベント,レギュラー,2014.11.11,IN,ベント,レギュラー,2014.11.11,72,7033,80.4,146
368,1279,1279,鹿島の杜カントリー倶楽部,OUT,ベント,フロント1,2014.11.11,IN,ベント,フロント1,2014.11.11,72,6505,77.5,139
369,1280,1280,鹿島の杜カントリー倶楽部,OUT,ベント,フロント2,2014.11.11,IN,ベント,フロント2,2014.11.11,72,5769,73.3,131
370,1281,1281,鹿島の杜カントリー倶楽部,OUT,ベント,レディース,2014.11.11,IN,ベント,レディース,2014.11.11,72,5015,68.5,123
371,7186,7186,甲賀カントリー倶楽部,OUT,ベント,レギュラー,2015.08.04,IN,ベント,レギュラー,2015.08.04,72,6451,76.5,140
372,7187,7187,甲賀カントリー倶楽部,OUT,ベント,フロント,2015.08.04,IN,ベント,フロント,2015.08.04,72,6140,74.8,137
373,7188,7188,甲賀カントリー倶楽部,OUT,ベント,レディース,2015.08.04,IN,ベント,レディース,2015.08.04,72,5631,71.5,130
374,5291,5291,中央道晴ヶ峰カントリー倶楽部,OUT,ベント,Chanpion,2015.06.18,IN,ベント,Chanpion,2015.06.18,72,6875,78.9,143
375,5292,5292,中央道晴ヶ峰カントリー倶楽部,OUT,ベント,Back,2015.06.18,IN,ベント,Back,2015.06.18,72,6379,76.0,139
376,5293,5293,中央道晴ヶ峰カントリー倶楽部,OUT,ベント,Regular,2015.06.18,IN,ベント,Regular,2015.06.18,72,6053,74.1,136
377,5294,5294,中央道晴ヶ峰カントリー倶楽部,OUT,ベント,Front,2015.06.18,IN,ベント,Front,2015.06.18,72,5660,71.8,130
378,5295,5295,中央道晴ヶ峰カントリー倶楽部,OUT,ベント,Ladies,2015.06.18,IN,ベント,Ladies,2015.06.18,72,5228,69.5,125
387,2997,2997,飯能くすの樹カントリー倶楽部,OUT,ベント,バック,2021.03.31,IN,ベント,バック,2021.03.31,72,6721,77.7,142
388,2998,2998,飯能くすの樹カントリー倶楽部,OUT,ベント,レギュラー1,2021.03.31,IN,ベント,レギュラー1,2021.03.31,72,6262,75.2,137
389,2999,2999,飯能くすの樹カントリー倶楽部,OUT,ベント,レギュラー2,2021.03.31,IN,ベント,レギュラー2,2021.03.31,72,5699,72.2,131
390,3000,3000,飯能くすの樹カントリー倶楽部,OUT,ベント,レディース,2021.03.31,IN,ベント,レディース,2021.03.31,72,5351,70.3,126
391,8220,8220,小倉カントリー倶楽部,OUT,ベント,レギュラー,2014.12.17,IN,ベント,レギュラー,2014.12.17,72,5896,74.2,134
392,8221,8221,小倉カントリー倶楽部,OUT,ベント,フロント,2014.12.17,IN,ベント,フロント,2014.12.17,72,5533,72.1,129
393,8222,8222,小倉カントリー倶楽部,OUT,ベント,レディース,2014.12.17,IN,ベント,レディース,2014.12.17,72,5052,69.4,124
394,10154,10154,佐世保国際カントリー倶楽部,OUT,ベント,ブルー,2014.08.31,IN,ベント,ブルー,2014.08.31,72,6449,76.9,139
395,10155,10155,佐世保国際カントリー倶楽部,OUT,ベント,ブルー(2),2014.08.31,IN,ベント,ブルー(2),2014.08.31,72,6275,75.9,136
396,10156,10156,佐世保国際カントリー倶楽部,OUT,ベント,ホワイト,2014.08.31,IN,ベント,ホワイト,2014.08.31,72,5955,74.2,134
397,10157,10157,佐世保国際カントリー倶楽部,OUT,ベント,グリーン,2014.08.31,IN,ベント,グリーン,2014.08.31,72,5112,69.4,121
398,10158,10158,佐世保国際カントリー倶楽部,OUT,ベント,レッド,2014.08.31,IN,ベント,レッド,2014.08.31,72,4831,67.8,115
399,9996,9996,京都カントリー倶楽部,OUT,ベント(メイン),コンペティション,2015.11.18,IN,ベント(メイン),コンペティション,2015.11.18,72,6584,77.8,135
400,9997,9997,京都カントリー倶楽部,OUT,ベント(メイン),レギュラー,2015.11.18,IN,ベント(メイン),レギュラー,2015.11.18,72,6245,76.1,132
401,9998,9998,京都カントリー倶楽部,OUT,ベント(メイン),ゴールド,2015.11.18,IN,ベント(メイン),ゴールド,2015.11.18,72,5385,71.1,122
402,9999,9999,京都カントリー倶楽部,OUT,ベント(メイン),レディース,2015.11.18,IN,ベント(メイン),レディース,2015.11.18,72,5084,69.4,120
403,10000,10000,京都カントリー倶楽部,OUT,ベント(サブ),コンペティション,2015.11.18,IN,ベント(サブ),コンペティション,2015.11.18,72,6288,76.4,132
404,10001,10001,京都カントリー倶楽部,OUT,ベント(サブ),レギュラー,2015.11.18,IN,ベント(サブ),レギュラー,2015.11.18,72,5949,74.5,130
405,10002,10002,京都カントリー倶楽部,OUT,ベント(サブ),ゴールド,2015.11.18,IN,ベント(サブ),ゴールド,2015.11.18,72,5089,69.5,121
406,10003,10003,京都カントリー倶楽部,OUT,ベント(サブ),レディース,2015.11.18,IN,ベント(サブ),レディース,2015.11.18,72,4788,67.5,119
407,7606,7606,茨木カンツリー倶楽部,東OUT,ベント,レギュラー,2011.07.15,東・イン,ベント,レギュラー,2011.07.15,72,6403,77.4,144
408,7607,7607,茨木カンツリー倶楽部,東OUT,ベント,フロント,2011.07.15,東・イン,ベント,フロント,2011.07.15,72,6137,75.9,142
409,7608,7608,茨木カンツリー倶楽部,東OUT,ベント,レディース,2011.07.15,東・イン,ベント,レディース,2011.07.15,72,5813,74.1,137
410,7609,7609,茨木カンツリー倶楽部,西OUT,ベント,レギュラー,2013.04.01,西・イン,ベント,レギュラー,2013.04.01,72,6511,78.1,135
411,7610,7610,茨木カンツリー倶楽部,西OUT,ベント,フロント,2013.04.01,西・イン,ベント,フロント,2013.04.01,72,5919,74.6,128
412,7611,7611,茨木カンツリー倶楽部,西OUT,ベント,レディース,2013.04.01,西・イン,ベント,レディース,2013.04.01,72,5455,71.8,124
413,10044,10044,佐賀カントリー倶楽部,OUT,ベント,レギュラー,2008.02.28,IN,ベント,レギュラー,2008.02.28,72,6333,75.7,135
414,10045,10045,佐賀カントリー倶楽部,OUT,ベント,フロント1,2008.02.28,IN,ベント,フロント1,2008.02.28,72,6031,73.9,131
415,10046,10046,佐賀カントリー倶楽部,OUT,ベント,フロント2,2008.02.28,IN,ベント,フロント2,2008.02.28,72,5720,72.3,126
416,7729,7729,高槻カントリー倶楽部,OUT,ベント,バック,2021.03.18,IN,ベント,バック,2021.03.18,72,6305,76.5,136
417,7730,7730,高槻カントリー倶楽部,OUT,ベント,レギュラー,2021.03.18,IN,ベント,レギュラー,2021.03.18,72,6005,73.9,132
418,7731,7731,高槻カントリー倶楽部,OUT,ベント,レディース,2021.03.18,IN,ベント,レディース,2021.03.18,72,5164,70.0,123
419,7732,7732,高槻カントリー倶楽部,OUT,ベント,プラチナ,2021.03.18,IN,ベント,プラチナ,2021.03.18,72,4169,64.4,113
420,5708,5708,東濃カントリー倶楽部,OUT,ベント,バック,2013.12.05,IN,ベント,バック,2013.12.05,72,6230,77.5,141
421,5709,5709,東濃カントリー倶楽部,OUT,ベント,レギュラー,2013.12.05,IN,ベント,レギュラー,2013.12.05,72,5900,75.6,137
422,5710,5710,東濃カントリー倶楽部,OUT,ベント,フロント,2013.12.05,IN,ベント,フロント,2013.12.05,72,5630,73.8,137
423,5711,5711,東濃カントリー倶楽部,OUT,ベント,ゴールド,2013.12.05,IN,ベント,ゴールド,2013.12.05,72,5380,72.1,134
424,5712,5712,東濃カントリー倶楽部,OUT,ベント,レディース,2013.12.05,IN,ベント,レディース,2013.12.05,72,5050,70.3,130
425,7490,7490,福知山カントリー倶楽部,OUT,コーライ,フロント1,1980.08.01,IN,コーライ,フロント1,1980.08.01,72,5999,72.9,128
426,10726,10726,高千穂カントリー倶楽部,OUT,ベント(メイン),レギュラー,2012.11.29,IN,ベント(メイン),レギュラー,2012.11.29,72,6387,76.9,131
427,10727,10727,高千穂カントリー倶楽部,OUT,ベント(メイン),フロント,2012.11.29,IN,ベント(メイン),フロント,2012.11.29,72,5942,74.4,125
428,10728,10728,高千穂カントリー倶楽部,OUT,ベント(メイン),レディース,2012.11.29,IN,ベント(メイン),レディース,2012.11.29,72,5218,70.4,117
429,10729,10729,高千穂カントリー倶楽部,OUT,ベント(サブ),レギュラー,2012.11.29,IN,ベント(サブ),レギュラー,2012.11.29,72,6017,74.5,129
430,10730,10730,高千穂カントリー倶楽部,OUT,ベント(サブ),フロント,2012.11.29,IN,ベント(サブ),フロント,2012.11.29,72,5567,72.0,123
431,10731,10731,高千穂カントリー倶楽部,OUT,ベント(サブ),レディース,2012.11.29,IN,ベント(サブ),レディース,2012.11.29,72,4850,68.0,115
432,10137,10137,喜々津カントリー倶楽部,OUT,コーライ,バック,2015.10.16,IN,コーライ,バック,2015.10.16,72,6462,77.5,140
433,10138,10138,喜々津カントリー倶楽部,OUT,コーライ,レギュラー,2015.10.16,IN,コーライ,レギュラー,2015.10.16,72,6111,75.7,137
434,10139,10139,喜々津カントリー倶楽部,OUT,コーライ,フロント1,2015.10.16,IN,コーライ,フロント1,2015.10.16,72,5795,73.7,133
435,10140,10140,喜々津カントリー倶楽部,OUT,コーライ,レディース,2015.10.16,IN,コーライ,レディース,2015.10.16,72,5549,71.8,128
445,51,51,恵庭カントリー倶楽部,阿寒,ベント,フロント,2018.10.18,摩周,ベント,フロント,2018.10.18,72,5855,73.6,126
446,52,52,恵庭カントリー倶楽部,阿寒,ベント,レディース,2018.10.18,摩周,ベント,レディース,2018.10.18,72,5411,71.2,121
447,53,53,恵庭カントリー倶楽部,摩周,ベント,チャンピオン,2018.10.18,支笏,ベント,チャンピオン,2018.10.18,72,7178,81.3,145
448,54,54,恵庭カントリー倶楽部,摩周,ベント,バック,2018.10.18,支笏,ベント,バック,2018.10.18,72,6938,79.9,142
449,55,55,恵庭カントリー倶楽部,摩周,ベント,レギュラー,2018.10.18,支笏,ベント,レギュラー,2018.10.18,72,6422,77.0,136
450,56,56,恵庭カントリー倶楽部,摩周,ベント,フロント,2018.10.18,支笏,ベント,フロント,2018.10.18,72,5990,74.6,131
451,57,57,恵庭カントリー倶楽部,摩周,ベント,レディース,2018.10.18,支笏,ベント,レディース,2018.10.18,72,5554,72.2,126
452,10100,10100,大和不動カントリー倶楽部,OUT,ベント,フロント,2021.07.14,IN,ベント,フロント,2021.07.14,72,6067,74.4,134
453,10101,10101,大和不動カントリー倶楽部,OUT,ベント,レディース,2021.07.14,IN,ベント,レディース,2021.07.14,72,5608,70.7,121
454,8559,8559,備中高原北房カントリー倶楽部,OUT(椿),ベント,バック,2008.07.08,イン(紅葉),ベント,バック,2008.07.08,72,7027,78.9,144
455,8560,8560,備中高原北房カントリー倶楽部,OUT(椿),ベント,レギュラー,2008.07.08,イン(紅葉),ベント,レギュラー,2008.07.08,72,6626,76.8,138
456,8561,8561,備中高原北房カントリー倶楽部,OUT(椿),ベント,フロント,2008.07.08,イン(紅葉),ベント,フロント,2008.07.08,72,6285,75.2,134
457,8562,8562,備中高原北房カントリー倶楽部,OUT(椿),ベント,レディス,2008.07.08,イン(紅葉),ベント,レディス,2008.07.08,72,5605,71.8,125
458,4069,4069,葉山国際カンツリー倶楽部,OUT・ダイヤ,Pグリーン(ベント),バック,2014.01.01,イン・ダイヤ,Pグリーン(ベント),バック,2014.01.01,72,6609,76.2,137
459,4070,4070,葉山国際カンツリー倶楽部,OUT・ダイヤ,Pグリーン(ベント),レギュラー,2014.01.01,イン・ダイヤ,Pグリーン(ベント),レギュラー,2014.01.01,72,6313,74.6,133
460,4071,4071,葉山国際カンツリー倶楽部,OUT・ダイヤ,Pグリーン(ベント),レディース,2014.01.01,イン・ダイヤ,Pグリーン(ベント),レディース,2014.01.01,72,5698,71.4,124
461,4072,4072,葉山国際カンツリー倶楽部,OUT・ダイヤ,Lグリーン(ベント),バック,2014.01.01,イン・ダイヤ,Lグリーン(ベント),バック,2014.01.01,72,6312,74.3,133
462,4073,4073,葉山国際カンツリー倶楽部,OUT・ダイヤ,Lグリーン(ベント),レギュラー,2014.01.01,イン・ダイヤ,Lグリーン(ベント),レギュラー,2014.01.01,72,6017,72.7,128
463,4074,4074,葉山国際カンツリー倶楽部,OUT・ダイヤ,Lグリーン(ベント),レディース,2014.01.01,イン・ダイヤ,Lグリーン(ベント),レディース,2014.01.01,72,5402,69.7,120
464,7386,7386,名神竜王カントリー倶楽部,OUT,ベント(A),レギュラー,2014.09.03,IN,ベント(A),レギュラー,2014.09.03,72,6516,77.6,140
465,7387,7387,名神竜王カントリー倶楽部,OUT,ベント(A),フロント,2014.09.03,IN,ベント(A),フロント,2014.09.03,72,6184,75.7,136
466,7388,7388,名神竜王カントリー倶楽部,OUT,ベント(A),レディース,2014.09.03,IN,ベント(A),レディース,2014.09.03,72,5425,71.6,126
467,7389,7389,名神竜王カントリー倶楽部,OUT,ベント(B),レギュラー,2014.09.03,IN,ベント(B),レギュラー,2014.09.03,72,6214,75.8,136
468,7390,7390,名神竜王カントリー倶楽部,OUT,ベント(B),フロント,2014.09.03,IN,ベント(B),フロント,2014.09.03,72,5906,74.1,131
469,7391,7391,名神竜王カントリー倶楽部,OUT,ベント(B),レディース,2014.09.03,IN,ベント(B),レディース,2014.09.03,72,5152,69.9,120
470,7290,7290,彦根カントリー倶楽部,OUT,ベント(A),バック,2021.03.22,IN,ベント(A),バック,2021.03.22,72,6651,78.8,144
471,7291,7291,彦根カントリー倶楽部,OUT,ベント(A),レギュラー,2021.03.22,IN,ベント(A),レギュラー,2021.03.22,72,6313,77.1,141
472,7292,7292,彦根カントリー倶楽部,OUT,ベント(A),フロント,2021.03.22,IN,ベント(A),フロント,2021.03.22,72,6053,75.6,139
473,7293,7293,彦根カントリー倶楽部,OUT,ベント(A),シルバー,2021.03.22,IN,ベント(A),シルバー,2021.03.22,72,5819,74.2,136
474,7294,7294,彦根カントリー倶楽部,OUT,ベント(A),レディース,2021.03.22,IN,ベント(A),レディース,2021.03.22,72,4949,69.3,126
475,7295,7295,彦根カントリー倶楽部,OUT,ベント(A),ゴールド,2021.03.22,IN,ベント(A),ゴールド,2021.03.22,72,4778,68.2,124
476,7296,7296,彦根カントリー倶楽部,OUT,ベント(A),オレンジ,2021.03.22,IN,ベント(A),オレンジ,2021.03.22,72,4219,65.1,118
477,7297,7297,彦根カントリー倶楽部,OUT,ベント(B),バック,2021.03.22,IN,ベント(B),バック,2021.03.22,72,6393,77.3,141
478,7298,7298,彦根カントリー倶楽部,OUT,ベント(B),レギュラー,2021.03.22,IN,ベント(B),レギュラー,2021.03.22,72,6075,75.7,139
479,7299,7299,彦根カントリー倶楽部,OUT,ベント(B),フロント,2021.03.22,IN,ベント(B),フロント,2021.03.22,72,5800,74.2,135
480,7300,7300,彦根カントリー倶楽部,OUT,ベント(B),シルバー,2021.03.22,IN,ベント(B),シルバー,2021.03.22,72,5535,72.7,133
481,7301,7301,彦根カントリー倶楽部,OUT,ベント(B),レディース,2021.03.22,IN,ベント(B),レディース,2021.03.22,72,4694,67.7,124
482,7302,7302,彦根カントリー倶楽部,OUT,ベント(B),ゴールド,2021.03.22,IN,ベント(B),ゴールド,2021.03.22,72,4522,66.7,122
483,7303,7303,彦根カントリー倶楽部,OUT,ベント(B),オレンジ,2021.03.22,IN,ベント(B),オレンジ,2021.03.22,72,3912,63.4,114
484,4224,4224,下田城カントリー倶楽部,OUT,ベント,チャンピオン,2021.10.25,IN,ベント,チャンピオン,2021.10.25,72,7113,80.1,137
485,4225,4225,下田城カントリー倶楽部,OUT,ベント,バック,2021.10.25,IN,ベント,バック,2021.10.25,72,6672,77.8,132
486,4226,4226,下田城カントリー倶楽部,OUT,ベント,レギュラー,2021.10.25,IN,ベント,レギュラー,2021.10.25,72,6273,75.6,127
487,4227,4227,下田城カントリー倶楽部,OUT,ベント,ロント,2021.10.25,IN,ベント,ロント,2021.10.25,72,4638,66.5,108
488,9692,9692,北九州カントリー倶楽部,松,ベントメイン,バック,2016.03.24,竹,ベントメイン,バック,2016.03.24,72,6807,79.4,151
489,9693,9693,北九州カントリー倶楽部,松,ベントメイン,レギュラー,2016.03.24,竹,ベントメイン,レギュラー,2016.03.24,72,6477,77.5,147
490,9694,9694,北九州カントリー倶楽部,松,ベントメイン,フロント1,2016.03.24,竹,ベントメイン,フロント1,2016.03.24,72,6172,75.8,144
491,9695,9695,北九州カントリー倶楽部,松,ベントメイン,レディース1,2016.03.24,竹,ベントメイン,レディース1,2016.03.24,72,5728,73.2,138
492,9696,9696,北九州カントリー倶楽部,松,ベントメイン,レディース2,2016.03.24,竹,ベントメイン,レディース2,2016.03.24,72,5408,71.3,135
493,9697,9697,北九州カントリー倶楽部,松,ベントサブ,バック,2016.03.24,竹,ベントサブ,バック,2016.03.24,72,6548,77.8,148
494,9698,9698,北九州カントリー倶楽部,松,ベントサブ,レギュラー,2016.03.24,竹,ベントサブ,レギュラー,2016.03.24,72,6219,75.9,142
495,9699,9699,北九州カントリー倶楽部,松,ベントサブ,フロント1,2016.03.24,竹,ベントサブ,フロント1,2016.03.24,72,5916,74.2,139
496,9700,9700,北九州カントリー倶楽部,松,ベントサブ,レディース1,2016.03.24,竹,ベントサブ,レディース1,2016.03.24,72,5471,71.6,134
497,9701,9701,北九州カントリー倶楽部,松,ベントサブ,レディース2,2016.03.24,竹,ベントサブ,レディース2,2016.03.24,72,5150,69.7,131
498,9702,9702,北九州カントリー倶楽部,竹,ベントメイン,バック,2016.03.24,梅,ベントメイン,バック,2016.03.24,72,6401,77.4,147
499,9703,9703,北九州カントリー倶楽部,竹,ベントメイン,レギュラー,2016.03.24,梅,ベントメイン,レギュラー,2016.03.24,72,6111,75.8,144
500,9704,9704,北九州カントリー倶楽部,竹,ベントメイン,フロント1,2016.03.24,梅,ベントメイン,フロント1,2016.03.24,72,5718,73.7,139
501,9705,9705,北九州カントリー倶楽部,竹,ベントメイン,レディース1,2016.03.24,梅,ベントメイン,レディース1,2016.03.24,72,5272,71.2,134
502,9706,9706,北九州カントリー倶楽部,竹,ベントメイン,レディース2,2016.03.24,梅,ベントメイン,レディース2,2016.03.24,72,4853,68.9,129
503,9707,9707,北九州カントリー倶楽部,竹,ベントサブ,バック,2016.03.24,梅,ベントサブ,バック,2016.03.24,72,6192,75.7,144
504,9708,9708,北九州カントリー倶楽部,竹,ベントサブ,レギュラー,2016.03.24,梅,ベントサブ,レギュラー,2016.03.24,72,5904,74.1,141
505,9709,9709,北九州カントリー倶楽部,竹,ベントサブ,フロント1,2016.03.24,梅,ベントサブ,フロント1,2016.03.24,72,5509,72.0,137
506,9710,9710,北九州カントリー倶楽部,竹,ベントサブ,レディース1,2016.03.24,梅,ベントサブ,レディース1,2016.03.24,72,5067,69.5,131
507,9711,9711,北九州カントリー倶楽部,竹,ベントサブ,レディース2,2016.03.24,梅,ベントサブ,レディース2,2016.03.24,72,4600,66.9,126
508,9712,9712,北九州カントリー倶楽部,梅,ベントメイン,バック,2016.03.24,松,ベントメイン,バック,2016.03.24,72,6288,76.4,143
509,9713,9713,北九州カントリー倶楽部,梅,ベントメイン,レギュラー,2016.03.24,松,ベントメイン,レギュラー,2016.03.24,72,5998,74.7,139
510,9714,9714,北九州カントリー倶楽部,梅,ベントメイン,フロント1,2016.03.24,松,ベントメイン,フロント1,2016.03.24,72,5628,72.9,135
511,9715,9715,北九州カントリー倶楽部,梅,ベントメイン,レディース1,2016.03.24,松,ベントメイン,レディース1,2016.03.24,72,5228,70.8,130
512,9716,9716,北九州カントリー倶楽部,梅,ベントメイン,レディース2,2016.03.24,松,ベントメイン,レディース2,2016.03.24,72,5073,69.8,128
513,9717,9717,北九州カントリー倶楽部,梅,ベントサブ,バック,2016.03.24,松,ベントサブ,バック,2016.03.24,72,6072,74.7,143
514,9718,9718,北九州カントリー倶楽部,梅,ベントサブ,レギュラー,2016.03.24,松,ベントサブ,レギュラー,2016.03.24,72,5783,73.0,138
515,9719,9719,北九州カントリー倶楽部,梅,ベントサブ,フロント1,2016.03.24,松,ベントサブ,フロント1,2016.03.24,72,5415,71.2,134
516,9720,9720,北九州カントリー倶楽部,梅,ベントサブ,レディース1,2016.03.24,松,ベントサブ,レディース1,2016.03.24,72,5020,69.1,129
517,9721,9721,北九州カントリー倶楽部,梅,ベントサブ,レディース2,2016.03.24,松,ベントサブ,レディース2,2016.03.24,72,4816,67.8,127
518,7834,7834,有馬カンツリー倶楽部,OUT,ベント,Blue,2013.10.26,IN,ベント,Blue,2013.10.26,72,6738,78.4,145
519,7835,7835,有馬カンツリー倶楽部,OUT,ベント,Green,2013.10.26,IN,ベント,Green,2013.10.26,72,6442,76.8,142
520,7836,7836,有馬カンツリー倶楽部,OUT,ベント,White,2013.10.26,IN,ベント,White,2013.10.26,72,6196,75.5,139
521,7837,7837,有馬カンツリー倶楽部,OUT,ベント,Yellow,2013.10.26,IN,ベント,Yellow,2013.10.26,72,5729,72.9,133
522,7838,7838,有馬カンツリー倶楽部,OUT,ベント,Red,2013.10.26,IN,ベント,Red,2013.10.26,72,5321,70.6,122
523,7839,7839,有馬カンツリー倶楽部,OUT,ベント,Pink,2013.10.26,IN,ベント,Pink,2013.10.26,72,4973,67.7,115
540,272,272,札幌芙蓉カントリー倶楽部,OUT,ベント,バック,2018.04.13,IN,ベント,バック,2018.04.13,72,6840,79.6,141
541,273,273,札幌芙蓉カントリー倶楽部,OUT,ベント,レギュラー,2018.04.13,IN,ベント,レギュラー,2018.04.13,72,6365,76.9,135
542,274,274,札幌芙蓉カントリー倶楽部,OUT,ベント,フロント,2018.04.13,IN,ベント,フロント,2018.04.13,72,5925,74.5,130
543,275,275,札幌芙蓉カントリー倶楽部,OUT,ベント,レディース,2018.04.13,IN,ベント,レディース,2018.04.13,72,5440,71.9,126
544,9047,9047,徳山国際カントリー倶楽部,OUT,メインベント,バック,2009.07.02,IN,メインベント,バック,2009.07.02,72,6723,76.9,139
545,9048,9048,徳山国際カントリー倶楽部,OUT,メインベント,レギュラー,2009.07.02,IN,メインベント,レギュラー,2009.07.02,72,6219,74.2,131
546,9049,9049,徳山国際カントリー倶楽部,OUT,メインベント,フロント,2009.07.02,IN,メインベント,フロント,2009.07.02,72,5796,72.3,126
547,9050,9050,徳山国際カントリー倶楽部,OUT,メインベント,レディース,2009.07.02,IN,メインベント,レディース,2009.07.02,72,5175,69.2,118
548,9051,9051,徳山国際カントリー倶楽部,OUT,サブベント,バック,2009.07.02,IN,サブベント,バック,2009.07.02,72,6521,75.6,135
549,9052,9052,徳山国際カントリー倶楽部,OUT,サブベント,レギュラー,2009.07.02,IN,サブベント,レギュラー,2009.07.02,72,6022,72.9,128
550,9053,9053,徳山国際カントリー倶楽部,OUT,サブベント,フロント,2009.07.02,IN,サブベント,フロント,2009.07.02,72,5597,71.0,123
551,9054,9054,徳山国際カントリー倶楽部,OUT,サブベント,レディース,2009.07.02,IN,サブベント,レディース,2009.07.02,72,4976,68.1,115
552,7861,7861,淡路カントリー倶楽部,OUT,ベント,フロント,2007.04.04,IN,ベント,フロント,2007.04.04,72,6201,74.8,133
553,7862,7862,淡路カントリー倶楽部,OUT,ベント,ゴールド,2007.04.04,IN,ベント,ゴールド,2007.04.04,72,5594,71.7,124
554,7863,7863,淡路カントリー倶楽部,OUT,ベント,レディース,2007.04.04,IN,ベント,レディース,2007.04.04,72,5287,70.0,120
555,1828,1828,喜連川カントリー倶楽部,南,ベント,バック,2015.09.25,東,ベント,バック,2015.09.25,72,6896,79.5,141
556,1829,1829,喜連川カントリー倶楽部,南,ベント,レギュラー,2015.09.25,東,ベント,レギュラー,2015.09.25,72,6313,76.1,134
557,1830,1830,喜連川カントリー倶楽部,南,ベント,フロント1,2015.09.25,東,ベント,フロント1,2015.09.25,72,5281,70.2,122
558,1831,1831,喜連川カントリー倶楽部,東,ベント,バック,2015.09.25,西,ベント,バック,2015.09.25,72,6820,79.0,139
559,1832,1832,喜連川カントリー倶楽部,東,ベント,レギュラー,2015.09.25,西,ベント,レギュラー,2015.09.25,72,6290,75.9,133
560,1833,1833,喜連川カントリー倶楽部,東,ベント,フロント1,2015.09.25,西,ベント,フロント1,2015.09.25,72,5382,70.7,123
561,1834,1834,喜連川カントリー倶楽部,西,ベント,バック,2015.09.25,南,ベント,バック,2015.09.25,72,6916,79.5,144
562,1835,1835,喜連川カントリー倶楽部,西,ベント,レギュラー,2015.09.25,南,ベント,レギュラー,2015.09.25,72,6337,76.2,137
563,1836,1836,喜連川カントリー倶楽部,西,ベント,フロント1,2015.09.25,南,ベント,フロント1,2015.09.25,72,5315,70.3,124
564,8211,8211,よしのカントリー倶楽部,OUT,ベント,フロント,2009.12.03,IN,ベント,フロント,2009.12.03,72,6039,73.5,130
565,8212,8212,よしのカントリー倶楽部,OUT,ベント,レディース,2009.12.03,IN,ベント,レディース,2009.12.03,72,5826,72.4,127
566,5985,5985,裾野カンツリー倶楽部,OUT,ベント,チャンピオン,2017.03.24,IN,ベント,チャンピオン,2017.03.24,72,7106,80.0,145
567,5986,5986,裾野カンツリー倶楽部,OUT,ベント,バック,2017.03.24,IN,ベント,バック,2017.03.24,72,6824,78.5,141
568,5987,5987,裾野カンツリー倶楽部,OUT,ベント,レギュラー1,2017.03.24,IN,ベント,レギュラー1,2017.03.24,72,6487,76.8,137
569,5988,5988,裾野カンツリー倶楽部,OUT,ベント,レギュラー2,2017.03.24,IN,ベント,レギュラー2,2017.03.24,72,6218,75.3,134
570,5989,5989,裾野カンツリー倶楽部,OUT,ベント,レディース,2017.03.24,IN,ベント,レディース,2017.03.24,72,5608,72.0,128
571,8320,8320,鳥取カントリー倶楽部吉岡温泉コース,OUT,ベント,バック,2008.07.23,IN,ベント,バック,2008.07.23,72,6591,76.1,137
572,8321,8321,鳥取カントリー倶楽部吉岡温泉コース,OUT,ベント,レギュラー,2008.07.23,IN,ベント,レギュラー,2008.07.23,72,6384,75.0,134
573,8322,8322,鳥取カントリー倶楽部吉岡温泉コース,OUT,ベント,フロント,2008.07.23,IN,ベント,フロント,2008.07.23,72,6045,73.8,131
574,8323,8323,鳥取カントリー倶楽部吉岡温泉コース,OUT,ベント,レディース,2008.07.23,IN,ベント,レディース,2008.07.23,72,5495,71.0,123
575,1593,1593,大日向カントリー倶楽部,西,Aグリーン,バック_,2015.10.30,東,Aグリーン,バック_,2015.10.30,72,6963,77.9,141
576,1594,1594,大日向カントリー倶楽部,西,Aグリーン,レギュラー,2010.09.24,東,Aグリーン,レギュラー,2010.09.24,72,6502,75.5,135
577,1595,1595,大日向カントリー倶楽部,西,Aグリーン,フロント1,2010.09.24,東,Aグリーン,フロント1_,2010.09.24,72,6102,73.4,129
578,1596,1596,大日向カントリー倶楽部,西,Aグリーン,フロント2,2010.09.24,東,Aグリーン,フロント2,2010.09.24,72,5533,70.4,121
579,1597,1597,大日向カントリー倶楽部,西,Aグリーン,レディース1,2010.09.24,東,Aグリーン,レディース1_,2010.09.24,72,5137,68.7,117
580,1598,1598,大日向カントリー倶楽部,西,Bグリーン,バック_,2010.09.24,東,Bグリーン,バック_,2010.09.24,72,6860,77.3,139
581,1599,1599,大日向カントリー倶楽部,西,Bグリーン,レギュラー,2010.09.24,東,Bグリーン,レギュラー,2010.09.24,72,6371,74.8,133
586,1604,1604,大日向カントリー倶楽部,中,Aグリーン,レギュラー,2010.09.24,西,Aグリーン,レギュラー,2010.09.24,72,6591,75.9,136
587,1605,1605,大日向カントリー倶楽部,中,Aグリーン,フロント1_,2010.09.24,西,Aグリーン,フロント1,2010.09.24,72,6107,73.4,129
588,1606,1606,大日向カントリー倶楽部,中,Aグリーン,フロント2_,2010.09.24,西,Aグリーン,フロント2_,2010.09.24,72,5559,70.5,122
589,1607,1607,大日向カントリー倶楽部,中,Aグリーン,レディース1_,2010.09.24,西,Aグリーン,レディース1_,2010.09.24,72,5180,68.9,117
590,1608,1608,大日向カントリー倶楽部,中,Bグリーン,バック,2010.09.24,西,Bグリーン,バック,2010.09.24,72,6903,77.5,140
591,1609,1609,大日向カントリー倶楽部,中,Bグリーン,レギュラー,2010.09.24,西,Bグリーン,レギュラー_,2010.09.24,72,6470,75.2,134
592,1610,1610,大日向カントリー倶楽部,中,Bグリーン,フロント1,2010.09.24,西,Bグリーン,フロント1,2010.09.24,72,5986,72.7,128
593,1611,1611,大日向カントリー倶楽部,中,Bグリーン,フロント2,2010.09.24,西,Bグリーン,フロント2,2010.09.24,72,5438,69.9,120
594,1612,1612,大日向カントリー倶楽部,中,Bグリーン,レディース1_,2010.09.24,西,Bグリーン,レディース1_,2010.09.24,72,5059,68.3,116
595,1613,1613,大日向カントリー倶楽部,東,Aグリーン,バック,2010.09.24,中,Aグリーン,バック,2010.09.24,72,6949,78.1,142
596,1614,1614,大日向カントリー倶楽部,東,Aグリーン,レギュラー_,2010.09.24,中,Aグリーン,レギュラー_,2010.09.24,72,6521,75.8,136
597,1615,1615,大日向カントリー倶楽部,東,Aグリーン,フロント1,2010.09.24,中,Aグリーン,フロント1,2010.09.24,72,6167,73.9,131
598,1616,1616,大日向カントリー倶楽部,東,Aグリーン,フロント2,2010.09.24,中,Aグリーン,フロント2,2010.09.24,72,5596,70.9,123
599,1617,1617,大日向カントリー倶楽部,東,Aグリーン,レディース1,2010.09.24,中,Aグリーン,レディース1,2010.09.24,72,5141,68.8,117
600,1618,1618,大日向カントリー倶楽部,東,Bグリーン,バック,2010.09.24,中,Bグリーン,バック,2010.09.24,72,6859,77.5,140
601,1619,1619,大日向カントリー倶楽部,東,Bグリーン,レギュラー,2010.09.24,中,Bグリーン,レギュラー,2010.09.24,72,6403,75.1,134
602,1620,1620,大日向カントリー倶楽部,東,Bグリーン,フロント1_,2010.09.24,中,Bグリーン,フロント1_,2010.09.24,72,6077,73.4,129
603,1621,1621,大日向カントリー倶楽部,東,Bグリーン,フロント2,2010.09.24,中,Bグリーン,フロント2,2010.09.24,72,5506,70.4,121
604,1622,1622,大日向カントリー倶楽部,東,Bグリーン,レディース1_,2010.09.24,中,Bグリーン,レディース1,2010.09.24,72,5051,68.4,116
605,2340,2340,ツインレイクスカントリー倶楽部,OUT,ベント,フルバック,2020.07.14,IN,ベント,フルバック,2020.07.14,72,7120,80.8,145
606,2341,2341,ツインレイクスカントリー倶楽部,OUT,ベント,バック,2020.07.14,IN,ベント,バック,2020.07.14,72,6743,78.5,142
607,2342,2342,ツインレイクスカントリー倶楽部,OUT,ベント,フロント1,2020.07.14,IN,ベント,フロント1,2020.07.14,72,6272,75.8,136
608,2343,2343,ツインレイクスカントリー倶楽部,OUT,ベント,フロント2,2020.07.14,IN,ベント,フロント2,2020.07.14,72,5739,72.6,131
609,2344,2344,ツインレイクスカントリー倶楽部,OUT,ベント,レディース,2020.07.14,IN,ベント,レディース,2020.07.14,72,5024,68.6,121
610,5558,5558,岐阜北カントリー倶楽部,西,ベント,バック,2003.10.29,東,ベント,バック,2003.10.29,72,6488,75.4,134
611,5559,5559,岐阜北カントリー倶楽部,西,ベント,レギュラー,2003.10.29,東,ベント,レギュラー,2003.10.29,72,6068,73.4,129
612,5560,5560,岐阜北カントリー倶楽部,西,ベント,レディス,2003.10.29,東,ベント,レディス,2003.10.29,72,5558,71.0,123
613,5561,5561,岐阜北カントリー倶楽部,西,コーライ,バック_,2003.10.29,東,コーライ,バック_,2003.10.29,72,6293,74.5,132
614,5562,5562,岐阜北カントリー倶楽部,西,コーライ,レギュラー,2003.10.29,東,コーライ,レギュラー_,2003.10.29,72,5877,73.3,129
615,5563,5563,岐阜北カントリー倶楽部,西,コーライ,レディス_,2003.10.29,東,コーライ,レディス,2003.10.29,72,5363,70.4,121
616,683,683,仙台カントリー倶楽部,OUT,ベント,レギュラー,2009.06.22,IN,ベント,レギュラー,2009.06.22,72,5816,72.6,127
617,684,684,仙台カントリー倶楽部,OUT,ベント,バック,2009.06.22,IN,ベント,バック,2009.06.22,72,6557,76.5,137
618,685,685,仙台カントリー倶楽部,OUT,ベント,フロント,2009.06.22,IN,ベント,フロント,2009.06.22,72,5057,68.9,117
619,686,686,仙台カントリー倶楽部,OUT,ベント,レディース,2009.06.22,IN,ベント,レディース,2009.06.22,72,5026,68.8,117
620,9853,9853,大博多カントリー倶楽部,桧,ベント(B1),レディース1,2008.09.13,松,ベント(B1),レディース1_,2008.02.27,72,6192,74.2,131
621,9854,9854,大博多カントリー倶楽部,桧,ベント(B1),レディース2,2008.09.13,松,ベント(B1),レディース2,2008.09.13,72,5637,71.0,123
622,9855,9855,大博多カントリー倶楽部,桧,ベント(B2),レディース1_,2008.09.13,松,ベント(B2),レディース1_,2008.09.13,72,5966,72.8,128
623,9856,9856,大博多カントリー倶楽部,桧,ベント(B2),レディース2_,2008.09.13,松,ベント(B2),レディース2_,2008.09.13,72,5426,69.8,120
624,9857,9857,大博多カントリー倶楽部,松,ベント(B1),レディース1,2008.09.13,杉,ベント(B1),レディース1,2008.09.13,72,5887,73.1,129
625,9858,9858,大博多カントリー倶楽部,松,ベント(B1),レディース2,2008.09.13,杉,ベント(B1),レディース2,2008.09.13,72,5297,69.8,120
626,9859,9859,大博多カントリー倶楽部,松,ベント(B2),レディース1,2008.09.13,杉,ベント(B2),レディース1,2008.09.13,72,5739,72.0,126
627,9860,9860,大博多カントリー倶楽部,松,ベント(B2),レディース2,2008.09.13,杉,ベント(B2),レディース2_,2008.09.13,72,5165,69.0,117
628,9861,9861,大博多カントリー倶楽部,杉,ベント(B1),レディース1_,2008.09.13,桧,ベント(B1),レディース1_,2008.09.13,72,5855,72.6,127
629,9862,9862,大博多カントリー倶楽部,杉,ベント(B1),レディース2_,2008.09.13,桧,ベント(B1),レディース2_,2008.09.13,72,5462,70.4,121
630,9863,9863,大博多カントリー倶楽部,杉,ベント(B2),レディース1,2008.09.13,桧,ベント(B2),レディース1,2008.09.13,72,5641,71.2,123
631,9864,9864,大博多カントリー倶楽部,杉,ベント(B2),レディース2,2008.09.13,桧,ベント(B2),レディース2,2008.09.13,72,5245,69.2,118
632,1108,1108,棚倉田舎倶楽部,東,ベント,BT,2018.09.03,西,ベント,BT,2018.09.03,72,7127,80.6,144
633,1109,1109,棚倉田舎倶楽部,東,ベント,RT,2018.09.03,西,ベント,RT,2018.09.03,72,6544,77.4,137
634,1110,1110,棚倉田舎倶楽部,東,ベント,FT1/LT1,2018.09.03,西,ベント,FT1/LT1,2018.09.03,72,6158,75.1,134
635,1111,1111,棚倉田舎倶楽部,東,ベント,LT2,2018.09.03,西,ベント,LT2,2018.09.03,72,5203,69.5,122
636,1112,1112,棚倉田舎倶楽部,中,ベント,BT,2018.09.03,東,ベント,BT,2018.09.03,72,7063,80.7,142
637,1113,1113,棚倉田舎倶楽部,中,ベント,RT,2018.09.03,東,ベント,RT,2018.09.03,72,6433,76.8,136
638,1114,1114,棚倉田舎倶楽部,中,ベント,FT1/LT1,2018.09.03,東,ベント,FT1/LT1,2018.09.03,72,6080,74.9,132
639,1115,1115,棚倉田舎倶楽部,中,ベント,LT2,2018.09.03,東,ベント,LT2,2018.09.03,72,5201,69.8,122
640,1116,1116,棚倉田舎倶楽部,西,ベント,BT,2018.09.03,中,ベント,BT,2018.09.03,72,7044,80.9,142
641,1117,1117,棚倉田舎倶楽部,西,ベント,RT,2018.09.03,中,ベント,RT,2018.09.03,72,6561,78.2,135
642,1118,1118,棚倉田舎倶楽部,西,ベント,FT1/LT1,2018.09.03,中,ベント,FT1/LT1,2018.09.03,72,6246,76.2,130
643,1119,1119,棚倉田舎倶楽部,西,ベント,LT2,2018.09.03,中,ベント,LT2,2018.09.03,72,5272,70.5,122
644,4920,4920,わかさカントリー倶楽部,すいげつ湖,ベント,ブラック,2004.06.07,ひゅうが湖,ベント,ブラック,2004.06.07,72,6784,76.8,138
645,4921,4921,わかさカントリー倶楽部,すいげつ湖,ベント,ブルー,2004.06.07,ひゅうが湖,ベント,ブルー,2004.06.07,72,6577,75.8,136
646,4922,4922,わかさカントリー倶楽部,すいげつ湖,ベント,ホワイト,2004.06.07,ひゅうが湖,ベント,ホワイト,2004.06.07,72,6291,74.4,132
647,4923,4923,わかさカントリー倶楽部,すいげつ湖,ベント,ゴールド_,2004.06.07,ひゅうが湖,ベント,ゴールド_,2004.06.07,72,6043,73.0,128
648,4924,4924,わかさカントリー倶楽部,すいげつ湖,ベント,レッド,2004.06.07,ひゅうが湖,ベント,レッド_,2004.06.07,72,5448,70.1,120
649,4925,4925,わかさカントリー倶楽部,ひゅうが湖,ベント,ブラック_,2004.06.07,すが湖,ベント,ブラック_,2004.06.07,72,6886,76.4,137
650,4926,4926,わかさカントリー倶楽部,ひゅうが湖,ベント,ブルー,2004.06.07,すが湖,ベント,ブルー,2004.06.07,72,6418,74.9,133
651,4927,4927,わかさカントリー倶楽部,ひゅうが湖,ベント,ホワイト_,2004.06.07,すが湖,ベント,ホワイト,2004.06.07,72,6116,73.4,129
652,4928,4928,わかさカントリー倶楽部,ひゅうが湖,ベント,ゴールド,2004.06.07,すが湖,ベント,ゴールド_,2004.06.07,72,5856,72.0,126
653,4929,4929,わかさカントリー倶楽部,ひゅうが湖,ベント,レッド,2004.06.07,すが湖,ベント,レッド,2004.06.07,72,5408,69.7,120
654,4930,4930,わかさカントリー倶楽部,すが湖,ベント,ブラック,2004.06.07,すいげつ湖,ベント,ブラック,2004.06.07,72,6900,77.6,140
655,4931,4931,わかさカントリー倶楽部,すが湖,ベント,ブルー,2004.06.07,すいげつ湖,ベント,ブルー_,2004.06.07,72,6639,76.3,137
656,4932,4932,わかさカントリー倶楽部,すが湖,ベント,ホワイト,2004.06.07,すいげつ湖,ベント,ホワイト_,2004.06.07,72,6343,74.8,133
657,4933,4933,わかさカントリー倶楽部,すが湖,ベント,ゴールド,2004.06.07,すいげつ湖,ベント,ゴールド,2004.06.07,72,6083,73.4,129
658,4934,4934,わかさカントリー倶楽部,すが湖,ベント,レッド_,2004.06.07,すいげつ湖,ベント,レッド,2004.06.07,72,5432,70.0,120
659,5802,5802,足柄森林カントリー倶楽部,OUT,Aグリーン,バック,2015.09.09,IN,Aグリーン,バック,2015.09.09,72,6475,77.5,138
660,5803,5803,足柄森林カントリー倶楽部,OUT,Aグリーン,レギュラー,2015.09.09,IN,Aグリーン,レギュラー,2015.09.09,72,6045,75.0,134
661,5804,5804,足柄森林カントリー倶楽部,OUT,Aグリーン,レディース,2015.09.09,IN,Aグリーン,レディース,2015.09.09,72,5028,69.4,121
662,5805,5805,足柄森林カントリー倶楽部,OUT,Bグリーン,バック,2015.09.09,IN,Bグリーン,バック,2015.09.09,72,6315,76.6,135
663,5806,5806,足柄森林カントリー倶楽部,OUT,Bグリーン,レギュラー,2015.09.09,IN,Bグリーン,レギュラー,2015.09.09,72,5884,74.2,130
664,5807,5807,足柄森林カントリー倶楽部,OUT,Bグリーン,レディース,2015.09.09,IN,Bグリーン,レディース,2015.09.09,72,4968,69.0,119
665,3448,3448,佐倉カントリー倶楽部,OUT,ベント,バック,2013.11.20,IN,ベント,バック,2013.11.20,72,6239,76.4,135
666,3449,3449,佐倉カントリー倶楽部,OUT,ベント,レギュラー,2013.11.20,IN,ベント,レギュラー,2013.11.20,72,5888,74.4,131
667,3450,3450,佐倉カントリー倶楽部,OUT,ベント,フロント,2013.11.20,IN,ベント,フロント,2013.11.20,72,5640,72.8,129
668,3451,3451,佐倉カントリー倶楽部,OUT,ベント,レディース,2013.11.20,IN,ベント,レディース,2013.11.20,72,4749,68.0,118
669,3452,3452,佐倉カントリー倶楽部,OUT,コーライ,バック,2013.11.20,IN,コーライ,バック,2013.11.20,72,6106,75.9,134
670,3453,3453,佐倉カントリー倶楽部,OUT,コーライ,レギュラー,2013.11.20,IN,コーライ,レギュラー,2013.11.20,72,5755,73.9,130
671,3454,3454,佐倉カントリー倶楽部,OUT,コーライ,フロント,2013.11.20,IN,コーライ,フロント,2013.11.20,72,5507,72.3,127
672,3455,3455,佐倉カントリー倶楽部,OUT,コーライ,レディース,2013.11.20,IN,コーライ,レディース,2013.11.20,72,4616,67.4,117
673,2053,2053,鶴カントリー倶楽部,東,右グリーン,バック,2021.06.11,中,右グリーン,バック,2021.06.11,72,6621,78.7,136
674,2054,2054,鶴カントリー倶楽部,東,右グリーン,レギュラー,2021.06.11,中,右グリーン,レギュラー,2021.06.11,72,6401,77.5,134
675,2055,2055,鶴カントリー倶楽部,東,右グリーン,フロント1,2021.06.11,中,右グリーン,フロント1,2021.06.11,72,5817,74.2,127
676,2056,2056,鶴カントリー倶楽部,東,右グリーン,レディース,2021.06.11,中,右グリーン,レディース,2021.06.11,72,4980,69.7,117
677,2057,2057,鶴カントリー倶楽部,東,左グリーン,バック,2021.06.11,中,左グリーン,バック,2021.06.11,72,6674,79.0,137
678,2058,2058,鶴カントリー倶楽部,東,左グリーン,レギュラー,2021.06.11,中,左グリーン,レギュラー,2021.06.11,72,6455,77.8,135
679,2059,2059,鶴カントリー倶楽部,東,左グリーン,フロント1,2021.06.11,中,左グリーン,フロント1,2021.06.11,72,5878,74.6,128
680,2060,2060,鶴カントリー倶楽部,東,左グリーン,レディース,2021.06.11,中,左グリーン,レディース,2021.06.11,72,5061,70.3,118
681,2061,2061,鶴カントリー倶楽部,中,右グリーン,バック,2021.06.11,西,右グリーン,バック,2021.06.11,72,6816,79.2,138
682,2062,2062,鶴カントリー倶楽部,中,右グリーン,レギュラー,2021.06.11,西,右グリーン,レギュラー,2021.06.11,72,6466,77.3,134
683,2063,2063,鶴カントリー倶楽部,中,右グリーン,フロント1,2021.06.11,西,右グリーン,フロント1,2021.06.11,72,6023,74.8,129
684,2064,2064,鶴カントリー倶楽部,中,右グリーン,レディース,2021.06.11,西,右グリーン,レディース,2021.06.11,72,5065,69.7,118
685,2065,2065,鶴カントリー倶楽部,中,左グリーン,バック,2021.06.11,西,左グリーン,バック,2021.06.11,72,6732,78.7,138
686,2066,2066,鶴カントリー倶楽部,中,左グリーン,レギュラー,2021.06.11,西,左グリーン,レギュラー,2021.06.11,72,6380,76.8,133
687,2067,2067,鶴カントリー倶楽部,中,左グリーン,フロント1,2021.06.11,西,左グリーン,フロント1,2021.06.11,72,5938,74.5,128
688,2068,2068,鶴カントリー倶楽部,中,左グリーン,レディース,2021.06.11,西,左グリーン,レディース,2021.06.11,72,5010,69.5,118
721,3410,3410,京葉カントリー倶楽部,OUT,タイイ,ブラック,2021.06.15,IN,タイイ,ブラック,2021.06.15,72,6902,79.3,138
722,3411,3411,京葉カントリー倶楽部,OUT,タイイ,ブルー,2021.06.15,IN,タイイ,ブルー,2021.06.15,72,6533,77.3,134
723,3412,3412,京葉カントリー倶楽部,OUT,タイイ,グリーン,2021.06.15,IN,タイイ,グリーン,2021.06.15,72,6206,75.5,130
724,3413,3413,京葉カントリー倶楽部,OUT,タイイ,ホワイト,2021.06.15,IN,タイイ,ホワイト,2021.06.15,72,5657,72.4,123
725,3414,3414,京葉カントリー倶楽部,OUT,タイイ,イエロー,2021.06.15,IN,タイイ,イエロー,2021.06.15,72,5200,69.9,118
726,3415,3415,京葉カントリー倶楽部,OUT,ペンクロス,ブラック,2021.06.15,IN,ペンクロス,ブラック,2021.06.15,72,6757,78.4,135
727,3416,3416,京葉カントリー倶楽部,OUT,ペンクロス,ブルー,2021.06.15,IN,ペンクロス,ブルー,2021.06.15,72,6394,76.3,131
728,3417,3417,京葉カントリー倶楽部,OUT,ペンクロス,グリーン,2021.06.15,IN,ペンクロス,グリーン,2021.06.15,72,6069,74.5,127
729,3418,3418,京葉カントリー倶楽部,OUT,ペンクロス,ホワイト,2021.06.15,IN,ペンクロス,ホワイト,2021.06.15,72,5518,71.5,121
730,3419,3419,京葉カントリー倶楽部,OUT,ペンクロス,イエロー,2021.06.15,IN,ペンクロス,イエロー,2021.06.15,72,5057,68.9,115
731,5547,5547,岐阜カンツリー倶楽部,OUT,ベント,ブルー,2017.08.10,IN,ベント,ブルー,2017.08.10,72,6809,81.0,149
732,5548,5548,岐阜カンツリー倶楽部,OUT,ベント,ホワイト,2017.08.10,IN,ベント,ホワイト,2017.08.10,72,6404,78.4,143
733,5549,5549,岐阜カンツリー倶楽部,OUT,ベント,イエロー,2017.08.10,IN,ベント,イエロー,2017.08.10,72,5876,75.1,137
734,5550,5550,岐阜カンツリー倶楽部,OUT,ベント,レッド,2017.08.10,IN,ベント,レッド,2017.08.10,72,5314,71.7,132
735,5551,5551,岐阜カンツリー倶楽部,OUT,ベント,ピンク,2017.08.10,IN,ベント,ピンク,2017.08.10,72,4875,69.1,128
736,10762,10762,湯の浦カントリー倶楽部,OUT,ベント,レギュラー(白),2019.10.16,IN,ベント,レギュラー(白),2019.10.16,72,6377,77.8,141
737,10763,10763,湯の浦カントリー倶楽部,OUT,ベント,月例/シニア(緑),2019.10.16,IN,ベント,月例/シニア(緑),2019.10.16,72,6159,76.6,139
738,10764,10764,湯の浦カントリー倶楽部,OUT,ベント,シニア(緑),2019.10.16,IN,ベント,シニア(緑),2019.10.16,72,5994,75.3,136
739,10765,10765,湯の浦カントリー倶楽部,OUT,ベント,月例/レディース(赤),2019.10.16,IN,ベント,月例/レディース(赤),2019.10.16,72,5544,72.7,129
740,10766,10766,湯の浦カントリー倶楽部,OUT,ベント,レディース(赤),2019.10.16,IN,ベント,レディース(赤),2019.10.16,72,5153,70.6,126
741,3635,3635,相武カントリー倶楽部,OUT,ベント,バック,2006.08.24,IN,ベント,バック,2006.08.24,72,6046,73.9,131
742,3636,3636,相武カントリー倶楽部,OUT,ベント,レギュラー,2006.08.24,IN,ベント,レギュラー,2006.08.24,72,5670,71.9,126
743,3637,3637,相武カントリー倶楽部,OUT,ベント,フロント1,2006.08.24,IN,ベント,フロント1,2006.08.24,72,5373,70.3,121
744,3638,3638,相武カントリー倶楽部,OUT,コーライ,バック,2006.08.24,IN,コーライ,バック,2006.08.24,72,6309,75.3,134
745,3639,3639,相武カントリー倶楽部,OUT,コーライ,レギュラー,2006.08.24,IN,コーライ,レギュラー,2006.08.24,72,5933,73.3,129
746,3640,3640,相武カントリー倶楽部,OUT,コーライ,フロント1,2006.08.24,IN,コーライ,フロント1,2006.08.24,72,5636,71.7,125
747,7612,7612,茨木高原カンツリー倶楽部,OUT,ベント,バック,2015.08.05,IN,ベント,バック,2015.08.05,72,6734,78.5,147
748,7613,7613,茨木高原カンツリー倶楽部,OUT,ベント,レギュラー,2015.08.05,IN,ベント,レギュラー,2015.08.05,72,6341,76.1,141
749,7614,7614,茨木高原カンツリー倶楽部,OUT,ベント,フロント1,2015.08.05,IN,ベント,フロント1,2015.08.05,72,6020,74.3,138
750,7615,7615,茨木高原カンツリー倶楽部,OUT,ベント,ゴールド,2015.08.05,IN,ベント,ゴールド,2015.08.05,72,5767,73.3,135
751,7616,7616,茨木高原カンツリー倶楽部,OUT,ベント,ゴールド2,2015.08.05,IN,ベント,ゴールド2,2015.08.05,72,5320,70.9,127
752,7617,7617,茨木高原カンツリー倶楽部,OUT,ベント,レディース,2015.08.05,IN,ベント,レディース,2015.08.05,72,4711,67.0,122
753,9518,9518,新居浜カントリー倶楽部,OUT,コーライ,黒,2015.06.23,IN,コーライ,黒,2015.06.23,72,6760,79.5,142
754,9519,9519,新居浜カントリー倶楽部,OUT,コーライ,太鼓,2015.06.23,IN,コーライ,太鼓,2015.06.23,72,6616,78.7,140
755,9520,9520,新居浜カントリー倶楽部,OUT,コーライ,レギュラー,2015.06.23,IN,コーライ,レギュラー,2015.06.23,72,6454,77.9,139
756,9521,9521,新居浜カントリー倶楽部,OUT,コーライ,フロント,2015.06.23,IN,コーライ,フロント,2015.06.23,72,6113,75.9,136
757,9522,9522,新居浜カントリー倶楽部,OUT,コーライ,シルバー,2015.06.23,IN,コーライ,シルバー,2015.06.23,72,5560,72.5,132
758,9523,9523,新居浜カントリー倶楽部,OUT,コーライ,ゴールド,2015.06.23,IN,コーライ,ゴールド,2015.06.23,72,5236,70.7,127
759,9524,9524,新居浜カントリー倶楽部,OUT,コーライ,レディース,2015.06.23,IN,コーライ,レディース,2003.07.08,72,5133,70.2,124
760,9525,9525,新居浜カントリー倶楽部,OUT,コーライ,紫,2015.06.23,IN,コーライ,紫,2015.06.23,72,4737,67.8,120
761,9526,9526,新居浜カントリー倶楽部,OUT,コーライ,緑,2015.06.23,IN,コーライ,緑,2015.06.23,72,4442,66.2,116
762,9527,9527,新居浜カントリー倶楽部,OUT,コーライ,ピンク,2015.06.23,IN,コーライ,ピンク,2015.06.23,72,4110,64.1,110
763,10163,10163,島原カントリー倶楽部,OUT,ベント,レギュラー,2019.06.07,IN,ベント,レギュラー,2019.06.07,72,6287,77.0,137
764,10164,10164,島原カントリー倶楽部,OUT,ベント,フロント,2019.06.07,IN,ベント,フロント,2019.06.07,72,6013,75.6,136
765,10165,10165,島原カントリー倶楽部,OUT,ベント,シルバー,2019.06.07,IN,ベント,シルバー,2019.06.07,72,5447,72.2,127
766,10166,10166,島原カントリー倶楽部,OUT,ベント,レディス,2019.06.07,IN,ベント,レディス,2019.06.07,72,5052,69.9,118
767,10092,10092,北山カントリー倶楽部,OUT,Aベント,バック,2021.04.15,IN,Aベント,バック,2021.04.15,72,6674,78.9,151
768,10093,10093,北山カントリー倶楽部,OUT,Aベント,レギュラー,2021.04.15,IN,Aベント,レギュラー,2021.04.15,72,6340,76.7,147
769,10094,10094,北山カントリー倶楽部,OUT,Aベント,フロント1,2021.04.15,IN,Aベント,フロント1,2021.04.15,72,5910,74.2,141
770,10095,10095,北山カントリー倶楽部,OUT,Aベント,レディース1,2021.04.15,IN,Aベント,レディース1,2021.04.15,72,5446,71.3,121
771,10096,10096,北山カントリー倶楽部,OUT,Bベント,バック,2021.04.15,IN,Bベント,バック,2021.04.15,72,6691,78.6,147
772,10097,10097,北山カントリー倶楽部,OUT,Bベント,レギュラー,2021.04.15,IN,Bベント,レギュラー,2021.04.15,72,6357,76.6,145
773,10098,10098,北山カントリー倶楽部,OUT,Bベント,フロント1,2021.04.15,IN,Bベント,フロント1,2021.04.15,72,5930,74.0,138
774,10099,10099,北山カントリー倶楽部,OUT,Bベント,レディース1,2021.04.15,IN,Bベント,レディース1,2021.04.15,72,5450,71.3,121
775,3125,3125,姉ヶ崎カントリー倶楽部,東OUT,Aグリーン,バック,2017.08.22,東IN,Aグリーン,バック,2017.08.22,72,6831,79.1,139
776,3126,3126,姉ヶ崎カントリー倶楽部,東OUT,Aグリーン,レギュラー,2017.08.22,東IN,Aグリーン,レギュラー,2017.08.22,72,6458,77.1,135
777,3127,3127,姉ヶ崎カントリー倶楽部,東OUT,Aグリーン,フロント1,2017.08.22,東IN,Aグリーン,フロント1,2017.08.22,72,6011,74.7,129
778,3128,3128,姉ヶ崎カントリー倶楽部,東OUT,Aグリーン,フロント2,2017.08.22,東IN,Aグリーン,フロント2,2017.08.22,72,5358,71.1,122
779,3129,3129,姉ヶ崎カントリー倶楽部,東OUT,Bグリーン,バック,2017.08.22,東IN,Bグリーン,バック,2017.08.22,72,6551,77.3,137
780,3130,3130,姉ヶ崎カントリー倶楽部,東OUT,Bグリーン,レギュラー,2017.08.22,東IN,Bグリーン,レギュラー,2017.08.22,72,6178,75.3,132
781,3131,3131,姉ヶ崎カントリー倶楽部,東OUT,Bグリーン,フロント1,2017.08.22,東IN,Bグリーン,フロント1,2017.08.22,72,5731,72.9,127
782,3132,3132,姉ヶ崎カントリー倶楽部,東OUT,Bグリーン,フロント2,2017.08.22,東IN,Bグリーン,フロント2,2017.08.22,72,5078,69.4,120
807,3725,3725,厚木国際カントリー倶楽部,東IN,ベント,レギュラー,2020.03.26,西OUT,Bグリーン,レギュラー,2016.12.02,72,6231,76.5,134
808,3726,3726,厚木国際カントリー倶楽部,東IN,ベント,レディース,2020.03.26,西OUT,Bグリーン,レディース,2016.12.02,72,5344,71.5,125
809,8466,8466,笠岡カントリー倶楽部,OUT,ベント,チャンピオン,2018.06.26,IN,ベント,チャンピオン,2018.06.26,72,6774,80.1,152
810,8467,8467,笠岡カントリー倶楽部,OUT,ベント,バック,2018.06.26,IN,ベント,バック,2018.06.26,72,6441,78.3,148
811,8468,8468,笠岡カントリー倶楽部,OUT,ベント,レギュラー,2018.06.26,IN,ベント,レギュラー,2018.06.26,72,6112,76.7,144
812,8469,8469,笠岡カントリー倶楽部,OUT,ベント,フロント,2018.06.26,IN,ベント,フロント,2018.06.26,72,5674,74.2,140
813,8470,8470,笠岡カントリー倶楽部,OUT,ベント,オレンジ,2018.06.26,IN,ベント,オレンジ,2018.06.26,72,5653,74.0,139
814,8471,8471,笠岡カントリー倶楽部,OUT,ベント,レッド,2018.06.26,IN,ベント,レッド,2018.06.26,72,5213,71.7,134
815,8472,8472,笠岡カントリー倶楽部,OUT,ベント,ピンク,2018.06.26,IN,ベント,ピンク,2018.06.26,72,4808,69.6,129
840,5531,5531,大垣カントリー倶楽部,OUT,メイン,レギュラー,2010.12.28,IN,メイン,レギュラー,2010.12.28,72,6012,76.2,138
841,5532,5532,大垣カントリー倶楽部,OUT,メイン,レディース,2010.12.28,IN,メイン,レディース,2010.12.28,72,5628,74.1,137
842,8078,8078,木津川カントリー倶楽部,柳生,ベント,フロント1,2016.04.01,笠置,ベント,フロント1,2016.04.01,72,6299,76.0,135
843,8079,8079,木津川カントリー倶楽部,柳生,ベント,レディース,2016.04.01,笠置,ベント,レディース,2016.04.01,72,5782,73.0,129
844,8080,8080,木津川カントリー倶楽部,柳生,ベント,レディース(F),2016.04.01,笠置,ベント,レディース(F),2016.04.01,72,5355,70.7,123
845,8081,8081,木津川カントリー倶楽部,柳生,コーライ,フロント1,2016.04.01,笠置,コーライ,フロント1,2016.04.01,72,6211,75.6,134
846,8082,8082,木津川カントリー倶楽部,柳生,コーライ,レディース,2016.04.01,笠置,コーライ,レディース,2016.04.01,72,5741,72.7,129
847,8083,8083,木津川カントリー倶楽部,柳生,コーライ,レディース(F),2016.04.01,笠置,コーライ,レディース(F),2016.04.01,72,5297,70.4,123
848,8084,8084,木津川カントリー倶楽部,笠置,ベント,フロント1,2016.04.01,木津川,ベント,フロント1,2016.04.01,72,6328,76.6,134
849,8085,8085,木津川カントリー倶楽部,笠置,ベント,レディース,2016.04.01,木津川,ベント,レディース,2016.04.01,72,5801,73.2,127
850,8086,8086,木津川カントリー倶楽部,笠置,ベント,レディース(F),2016.04.01,木津川,ベント,レディース(F),2016.04.01,72,5368,70.8,122
851,8087,8087,木津川カントリー倶楽部,笠置,コーライ,フロント1,2016.04.01,木津川,コーライ,フロント1,2016.04.01,72,6226,76.0,133
852,8088,8088,木津川カントリー倶楽部,笠置,コーライ,レディース,2016.04.01,木津川,コーライ,レディース,2016.04.01,72,5710,72.6,126
853,8089,8089,木津川カントリー倶楽部,笠置,コーライ,レディース(F),2016.04.01,木津川,コーライ,レディース(F),2016.04.01,72,5246,70.1,121
854,8090,8090,木津川カントリー倶楽部,木津川,ベント,フロント1,2016.04.01,柳生,ベント,フロント1,2016.04.01,72,6323,76.4,137
855,8091,8091,木津川カントリー倶楽部,木津川,ベント,レディース,2016.04.01,柳生,ベント,レディース,2016.04.01,72,5791,73.2,129
856,8092,8092,木津川カントリー倶楽部,木津川,ベント,レディース(F),2016.04.01,柳生,ベント,レディース(F),2016.04.01,72,5275,70.3,124
857,8093,8093,木津川カントリー倶楽部,木津川,コーライ,フロント1,2016.04.01,柳生,コーライ,フロント1,2016.04.01,72,6179,75.6,135
858,8094,8094,木津川カントリー倶楽部,木津川,コーライ,レディース,2016.04.01,柳生,コーライ,レディース,2016.04.01,72,5683,72.5,129
859,8095,8095,木津川カントリー倶楽部,木津川,コーライ,レディース(F),2016.04.01,柳生,コーライ,レディース(F),2016.04.01,72,5153,69.7,122
860,1984,1984,城山カントリー倶楽部,OUT,Aグリーン,バック,2016.04.01,IN,Aグリーン,バック,2016.04.01,72,6232,76.2,137
861,1985,1985,城山カントリー倶楽部,OUT,Aグリーン,レギュラー,2016.04.01,IN,Aグリーン,レギュラー,2016.04.01,72,5905,74.5,134
862,1986,1986,城山カントリー倶楽部,OUT,Aグリーン,フロント,2016.04.01,IN,Aグリーン,フロント,2016.04.01,72,5566,72.6,130
863,1987,1987,城山カントリー倶楽部,OUT,Aグリーン,レディース,2016.04.01,IN,Aグリーン,レディース,2016.04.01,72,5003,69.6,123
864,1988,1988,城山カントリー倶楽部,OUT,Bグリーン,バック,2016.04.01,IN,Bグリーン,バック,2016.04.01,72,6302,76.7,139
865,1989,1989,城山カントリー倶楽部,OUT,Bグリーン,レギュラー,2016.04.01,IN,Bグリーン,レギュラー,2016.04.01,72,5937,74.7,136
866,1990,1990,城山カントリー倶楽部,OUT,Bグリーン,フロント,2016.04.01,IN,Bグリーン,フロント,2016.04.01,72,5581,72.8,131
867,1991,1991,城山カントリー倶楽部,OUT,Bグリーン,レディース,2016.04.01,IN,Bグリーン,レディース,2016.04.01,72,5010,69.6,125
868,5339,5339,平谷カントリー倶楽部,OUT,メイン,バック,2016.11.09,IN,メイン,バック,2016.11.09,72,6441,78.8,142
869,5340,5340,平谷カントリー倶楽部,OUT,メイン,レギュラー,2016.11.09,IN,メイン,レギュラー,2016.11.09,72,6091,76.4,135
870,5341,5341,平谷カントリー倶楽部,OUT,メイン,フロント,2016.11.09,IN,メイン,フロント,2016.11.09,72,5764,74.1,132
871,5342,5342,平谷カントリー倶楽部,OUT,メイン,ゴールド,2016.11.09,IN,メイン,ゴールド,2016.11.09,72,5472,72.8,128
872,5343,5343,平谷カントリー倶楽部,OUT,メイン,レディース,2016.11.09,IN,メイン,レディース,2016.11.09,72,4666,68.0,117
873,5344,5344,平谷カントリー倶楽部,OUT,サブ,バック,2016.11.09,IN,サブ,バック,2016.11.09,72,6321,77.8,141
874,5345,5345,平谷カントリー倶楽部,OUT,サブ,レギュラー,2016.11.09,IN,サブ,レギュラー,2016.11.09,72,5972,75.4,136
875,5346,5346,平谷カントリー倶楽部,OUT,サブ,フロント,2016.11.09,IN,サブ,フロント,2016.11.09,72,5645,73.3,133
876,5347,5347,平谷カントリー倶楽部,OUT,サブ,ゴールド,2016.11.09,IN,サブ,ゴールド,2016.11.09,72,5354,72.0,128
877,5348,5348,平谷カントリー倶楽部,OUT,サブ,レディース,2016.11.09,IN,サブ,レディース,2016.11.09,72,4548,67.3,115
878,1211,1211,茨城ロイヤルカントリー倶楽部,OUT,ベント,ブラック,2021.04.20,IN,ベント,ブラック,2021.04.20,72,7079,79.7,138
879,1212,1212,茨城ロイヤルカントリー倶楽部,OUT,ベント,ブルー,2021.04.20,IN,ベント,ブルー,2021.04.20,72,6715,77.6,134
880,1213,1213,茨城ロイヤルカントリー倶楽部,OUT,ベント,ホワイト,2021.04.20,IN,ベント,ホワイト,2021.04.20,72,6123,74.4,126
881,1214,1214,茨城ロイヤルカントリー倶楽部,OUT,ベント,レッド,2021.04.20,IN,ベント,レッド,2021.04.20,72,5558,71.4,120
882,7177,7177,京阪カントリー倶楽部,大石,ベント,レギュラー,2019.12.09,宇治,ベント,レギュラー,2019.12.09,72,6348,76.2,133
883,7178,7178,京阪カントリー倶楽部,大石,ベント,フロント1,2019.12.09,宇治,ベント,フロント1,2019.12.09,72,5894,73.3,126
884,7179,7179,京阪カントリー倶楽部,大石,ベント,レディース,2019.12.09,宇治,ベント,レディース,2019.12.09,72,5250,70.0,121
885,7180,7180,京阪カントリー倶楽部,曽束,ベント,レギュラー,2019.12.09,大石,ベント,レギュラー,2019.12.09,72,6463,76.9,137
886,7181,7181,京阪カントリー倶楽部,曽束,ベント,フロント1,2019.12.09,大石,ベント,フロント1,2019.12.09,72,5978,74.3,131
887,7182,7182,京阪カントリー倶楽部,曽束,ベント,レディース,2019.12.09,大石,ベント,レディース,2019.12.09,72,5355,70.8,127
888,7183,7183,京阪カントリー倶楽部,宇治,ベント,レギュラー,2019.12.09,曽束,ベント,レギュラー,2019.12.09,72,6397,76.3,135
889,7184,7184,京阪カントリー倶楽部,宇治,ベント,フロント1,2019.12.09,曽束,ベント,フロント1,2019.12.09,72,5956,73.4,128
890,7185,7185,京阪カントリー倶楽部,宇治,ベント,レディース,2019.12.09,曽束,ベント,レディース,2019.12.09,72,5299,70.2,121
891,8160,8160,奈良万葉カンツリー倶楽部,OUT,コーライ,フロント1,1997.03.20,IN,コーライ,フロント1,1997.03.20,72,5938,73.5,130
896,2032,2032,都賀カンツリー倶楽部,西,右グリーン,フロント2,2020.06.23,北,右グリーン,フロント2,2020.06.23,72,5023,68.9,119
897,2033,2033,都賀カンツリー倶楽部,西,左グリーン,バック,2020.06.23,北,左グリーン,バック,2020.06.23,72,6902,79.4,139
898,2034,2034,都賀カンツリー倶楽部,西,左グリーン,レギュラー,2020.06.23,北,左グリーン,レギュラー,2020.06.23,72,6549,77.6,136
899,2035,2035,都賀カンツリー倶楽部,西,左グリーン,フロント1,2020.06.23,北,左グリーン,フロント1,2020.06.23,72,6110,74.6,131
900,2036,2036,都賀カンツリー倶楽部,西,左グリーン,フロント2,2020.06.23,北,左グリーン,フロント2,2020.06.23,72,4954,68.5,119
901,2037,2037,都賀カンツリー倶楽部,北,右グリーン,バック,2020.06.23,東,右グリーン,バック,2020.06.23,72,6475,77.2,137
902,2038,2038,都賀カンツリー倶楽部,北,右グリーン,レギュラー,2020.06.23,東,右グリーン,レギュラー,2020.06.23,72,6251,76.2,136
903,2039,2039,都賀カンツリー倶楽部,北,右グリーン,フロント1,2020.06.23,東,右グリーン,フロント1,2020.06.23,72,5900,73.8,131
904,2040,2040,都賀カンツリー倶楽部,北,右グリーン,フロント2,2020.06.23,東,右グリーン,フロント2,2020.06.23,72,4911,68.7,120
905,2041,2041,都賀カンツリー倶楽部,北,左グリーン,バック,2020.06.23,東,左グリーン,バック,2020.06.23,72,6483,77.4,137
906,2042,2042,都賀カンツリー倶楽部,北,左グリーン,レギュラー,2020.06.23,東,左グリーン,レギュラー,2020.06.23,72,6256,76.3,136
907,2043,2043,都賀カンツリー倶楽部,北,左グリーン,フロント1,2020.06.23,東,左グリーン,フロント1,2020.06.23,72,5905,73.8,131
908,2044,2044,都賀カンツリー倶楽部,北,左グリーン,フロント2,2020.06.23,東,左グリーン,フロント2,2020.06.23,72,4906,68.6,121
909,2045,2045,都賀カンツリー倶楽部,東,右グリーン,バック,2020.06.23,西,右グリーン,バック,2020.06.23,72,6357,76.7,135
910,2046,2046,都賀カンツリー倶楽部,東,右グリーン,レギュラー,2020.06.23,西,右グリーン,レギュラー,2020.06.23,72,6123,75.4,133
911,2047,2047,都賀カンツリー倶楽部,東,右グリーン,フロント1,2020.06.23,西,右グリーン,フロント1,2020.06.23,72,5679,72.7,127
912,2048,2048,都賀カンツリー倶楽部,東,右グリーン,フロント2,2020.06.23,西,右グリーン,フロント2,2020.06.23,72,4876,68.2,118
913,2049,2049,都賀カンツリー倶楽部,東,左グリーン,バック,2020.06.23,西,左グリーン,バック,2020.06.23,72,6441,77.2,135
914,2050,2050,都賀カンツリー倶楽部,東,左グリーン,レギュラー,2020.06.23,西,左グリーン,レギュラー,2020.06.23,72,6207,75.7,133
915,2051,2051,都賀カンツリー倶楽部,東,左グリーン,フロント1,2020.06.23,西,左グリーン,フロント1,2020.06.23,72,5763,73.0,128
916,2052,2052,都賀カンツリー倶楽部,東,左グリーン,フロント2,2020.06.23,西,左グリーン,フロント2,2020.06.23,72,4960,68.3,119
917,3149,3149,一の宮カントリー倶楽部,東OUT,ベント,バック,2015.07.17,東IN,ベント,バック,2015.07.17,72,6586,78.9,137
918,3150,3150,一の宮カントリー倶楽部,東OUT,ベント,レギュラー,2015.07.17,東IN,ベント,レギュラー,2015.07.17,72,6331,77.4,134
919,3151,3151,一の宮カントリー倶楽部,東OUT,ベント,フロント,2015.07.17,東IN,ベント,フロント,2015.07.17,72,6046,75.5,132
920,3152,3152,一の宮カントリー倶楽部,東OUT,ベント,レディース,2015.07.17,東IN,ベント,レディース,2015.07.17,72,5409,72.0,125
921,3153,3153,一の宮カントリー倶楽部,東OUT,コーライ,バック,2015.07.17,東IN,コーライ,バック,2015.07.17,72,6716,79.5,139
922,3154,3154,一の宮カントリー倶楽部,東OUT,コーライ,レギュラー,2015.07.17,東IN,コーライ,レギュラー,2015.07.17,72,6447,77.9,135
923,3155,3155,一の宮カントリー倶楽部,東OUT,コーライ,フロント,2015.07.17,東IN,コーライ,フロント,2015.07.17,72,6174,76.2,133
924,3156,3156,一の宮カントリー倶楽部,東OUT,コーライ,レディース,2015.07.17,東IN,コーライ,レディース,2015.07.17,72,5532,72.5,126
925,3157,3157,一の宮カントリー倶楽部,西OUT,ベント,バック,2015.07.17,西IN,ベント,バック,2015.07.17,72,6717,79.0,136
926,3158,3158,一の宮カントリー倶楽部,西OUT,ベント,レギュラー,2015.07.17,西IN,ベント,レギュラー,2015.07.17,72,6341,76.9,131
927,3159,3159,一の宮カントリー倶楽部,西OUT,ベント,フロント,2015.07.17,西IN,ベント,フロント,2015.07.17,72,6021,74.9,128
928,3160,3160,一の宮カントリー倶楽部,西OUT,ベント,レディース,2015.07.17,西IN,ベント,レディース,2015.07.17,72,5255,70.5,120
929,3161,3161,一の宮カントリー倶楽部,西OUT,コーライ,バック,2015.07.17,西IN,コーライ,バック,2015.07.17,72,6750,79.3,137
930,3162,3162,一の宮カントリー倶楽部,西OUT,コーライ,レギュラー,2015.07.17,西IN,コーライ,レギュラー,2015.07.17,72,6377,77.3,133
931,3163,3163,一の宮カントリー倶楽部,西OUT,コーライ,フロント,2015.07.17,西IN,コーライ,フロント,2015.07.17,72,6057,75.4,129
968,1691,1691,鹿沼カントリー倶楽部,北OUT,Bグリーン,フロント1,2010.08.30,北イン,Bグリーン,フロント1,2010.08.30,72,5691,71.5,124
969,1692,1692,鹿沼カントリー倶楽部,北OUT,Bグリーン,フロント2,2010.08.30,北イン,Bグリーン,フロント2,2010.08.30,72,5015,68.4,116
970,10485,10485,大分富士見カントリー倶楽部,OUT,ベント,バック,2017.03.23,IN,ベント,バック,2017.03.23,72,6780,78.8,144
971,10486,10486,大分富士見カントリー倶楽部,OUT,ベント,レギュラー,2017.03.23,IN,ベント,レギュラー,2017.03.23,72,6420,76.8,140
972,10487,10487,大分富士見カントリー倶楽部,OUT,ベント,フロント1,2017.03.23,IN,ベント,フロント1,2017.03.23,72,5826,73.6,134
973,10488,10488,大分富士見カントリー倶楽部,OUT,ベント,レディース1,2017.03.23,IN,ベント,レディース1,2017.03.23,72,5431,71.1,128
974,7792,7792,相生カントリー倶楽部,OUT,コーライ,レギュラー,1981.12.11,IN,コーライ,レギュラー,1981.12.11,72,5750,71.9,126
975,7793,7793,相生カントリー倶楽部,OUT,コーライ,フロント1,1981.12.11,IN,コーライ,フロント1,1981.12.11,72,5014,68.4,116
976,8925,8925,宮島志和カンツリー倶楽部,OUT,コーライ,バック,2013.12.26,IN,コーライ,バック,2013.12.26,72,6510,78.2,138
977,8926,8926,宮島志和カンツリー倶楽部,OUT,コーライ,レギュラー,2013.12.26,IN,コーライ,レギュラー,2013.12.26,72,6174,76.5,134
978,8927,8927,宮島志和カンツリー倶楽部,OUT,コーライ,フロント,2013.12.26,IN,コーライ,フロント,2013.12.26,72,5893,74.9,131
979,8928,8928,宮島志和カンツリー倶楽部,OUT,コーライ,レディース,2013.12.26,IN,コーライ,レディース,2013.12.26,72,5520,72.6,128
980,7121,7121,朝日野カントリー倶楽部,OUT,ベント,レギュラー,2014.03.04,IN,ベント,レギュラー,2014.03.04,72,6460,77.3,137
981,7122,7122,朝日野カントリー倶楽部,OUT,ベント,フロント,2014.03.04,IN,ベント,フロント,2014.03.04,72,6000,74.7,130
982,7123,7123,朝日野カントリー倶楽部,OUT,ベント,ゴールド,2014.03.04,IN,ベント,ゴールド,2014.03.04,72,5700,73.0,126
983,7124,7124,朝日野カントリー倶楽部,OUT,ベント,レディース,2014.03.04,IN,ベント,レディース,2014.03.04,72,5040,69.3,117
989,7401,7401,宇治田原カントリー倶楽部,嘉納,ベント,レディース1,2010.08.04,大杉,ベント,レディース1,2010.08.04,72,5546,73.2,130
990,7402,7402,宇治田原カントリー倶楽部,大杉,ベント,フロント1,2010.08.04,大福,ベント,フロント1,2010.08.04,72,6224,76.6,139
991,7403,7403,宇治田原カントリー倶楽部,大杉,ベント,レディース1,2010.08.04,大福,ベント,レディース1,2010.08.04,72,5453,72.3,130
992,7404,7404,宇治田原カントリー倶楽部,大福,ベント,フロント1,2010.08.04,嘉納,ベント,フロント1,2010.08.04,72,6112,76.0,137
993,7405,7405,宇治田原カントリー倶楽部,大福,ベント,レディース1,2010.08.04,嘉納,ベント,レディース1,2010.08.04,72,5225,71.1,126
994,9668,9668,小郡カンツリー倶楽部,西,コーライ,バック,2012.12.18,東,コーライ,バック,2012.12.18,72,6775,78.6,135
995,9669,9669,小郡カンツリー倶楽部,西,コーライ,レギュラー,2012.12.18,東,コーライ,レギュラー,2012.12.18,72,6410,76.6,131
996,9670,9670,小郡カンツリー倶楽部,西,コーライ,フロント,2012.12.18,東,コーライ,フロント,2012.12.18,72,5880,73.7,124
997,9671,9671,小郡カンツリー倶楽部,西,コーライ,レディース,2012.12.18,東,コーライ,レディース,2012.12.18,72,4685,66.0,114
998,9672,9672,小郡カンツリー倶楽部,西,コーライ,バック,2012.12.18,南,コーライ,バック,2012.12.18,72,6745,78.4,136
999,9673,9673,小郡カンツリー倶楽部,西,コーライ,レギュラー,2012.12.18,南,コーライ,レギュラー,2012.12.18,72,6465,76.9,132
1000,9674,9674,小郡カンツリー倶楽部,西,コーライ,フロント,2012.12.18,南,コーライ,フロント,2012.12.18,72,5965,74.1,126
1001,9675,9675,小郡カンツリー倶楽部,西,コーライ,レディース,2012.12.18,南,コーライ,レディース,2012.12.18,72,4740,66.3,116
1002,9676,9676,小郡カンツリー倶楽部,東,コーライ,バック,2012.12.18,南,コーライ,バック,2012.12.18,72,6770,78.6,134
1003,9677,9677,小郡カンツリー倶楽部,東,コーライ,レギュラー,2012.12.18,南,コーライ,レギュラー,2012.12.18,72,6455,76.9,131
1004,9678,9678,小郡カンツリー倶楽部,東,コーライ,フロント,2012.12.18,南,コーライ,フロント,2012.12.18,72,6005,74.4,125
1005,9679,9679,小郡カンツリー倶楽部,東,コーライ,レディース,2012.12.18,南,コーライ,レディース,2012.12.18,72,4695,66.1,113
1006,2897,2897,高根カントリー倶楽部,西,Aグリーン,BT1,2017.04.04,南,Aグリーン,BT1,2017.04.04,72,6818,79.5,140
1007,2898,2898,高根カントリー倶楽部,西,Aグリーン,BT2,2017.04.04,南,Aグリーン,BT2,2017.04.04,72,6516,77.8,137
1008,2899,2899,高根カントリー倶楽部,西,Aグリーン,RT,2017.04.04,南,Aグリーン,RT,2017.04.04,72,6163,76.0,133
1009,2900,2900,高根カントリー倶楽部,西,Aグリーン,FT1,2017.04.04,南,Aグリーン,FT1,2017.04.04,72,5753,73.8,128
1010,2901,2901,高根カントリー倶楽部,西,Aグリーン,FT2,2017.04.04,南,Aグリーン,FT2,2017.04.04,72,5399,71.9,124
1011,2902,2902,高根カントリー倶楽部,西,Aグリーン,FT3,2017.04.04,南,Aグリーン,FT3,2017.04.04,72,5142,70.5,121
1012,2903,2903,高根カントリー倶楽部,西,Bグリーン,BT1,2017.04.04,南,Bグリーン,BT1,2017.04.04,72,6674,78.9,139
1013,2904,2904,高根カントリー倶楽部,西,Bグリーン,BT2,2017.04.04,南,Bグリーン,BT2,2017.04.04,72,6372,77.2,136
1014,2905,2905,高根カントリー倶楽部,西,Bグリーン,RT,2017.04.04,南,Bグリーン,RT,2017.04.04,72,6008,75.3,131
1015,2906,2906,高根カントリー倶楽部,西,Bグリーン,FT1,2017.04.04,南,Bグリーン,FT1,2017.04.04,72,5600,73.0,127
1016,2907,2907,高根カントリー倶楽部,西,Bグリーン,FT2,2017.04.04,南,Bグリーン,FT2,2017.04.04,72,5240,71.0,123
1017,2908,2908,高根カントリー倶楽部,西,Bグリーン,FT3,2017.04.04,南,Bグリーン,FT3,2017.04.04,72,4998,69.7,120
1018,2909,2909,高根カントリー倶楽部,南,Aグリーン,BT1,2017.04.04,東,Aグリーン,BT1,2017.04.04,72,6684,79.1,142
1019,2910,2910,高根カントリー倶楽部,南,Aグリーン,BT2,2017.04.04,東,Aグリーン,BT2,2017.04.04,72,6455,77.8,140
1020,2911,2911,高根カントリー倶楽部,南,Aグリーン,RT,2017.04.04,東,Aグリーン,RT,2017.04.04,72,6139,76.2,136
1021,2912,2912,高根カントリー倶楽部,南,Aグリーン,FT1,2017.04.04,東,Aグリーン,FT1,2017.04.04,72,5778,74.4,132
1022,2913,2913,高根カントリー倶楽部,南,Aグリーン,FT2,2017.04.04,東,Aグリーン,FT2,2017.04.04,72,5413,72.3,128
1023,2914,2914,高根カントリー倶楽部,南,Aグリーン,FT3,2017.04.04,東,Aグリーン,FT3,2017.04.04,72,5155,70.9,124
1024,2915,2915,高根カントリー倶楽部,南,Bグリーン,BT1,2017.04.04,東,Bグリーン,BT1,2017.04.04,72,6514,78.2,141
1025,2916,2916,高根カントリー倶楽部,南,Bグリーン,BT2,2017.04.04,東,Bグリーン,BT2,2017.04.04,72,6251,76.8,138
1026,2917,2917,高根カントリー倶楽部,南,Bグリーン,RT,2017.04.04,東,Bグリーン,RT,2017.04.04,72,5957,75.2,135
1027,2918,2918,高根カントリー倶楽部,南,Bグリーン,FT1,2017.04.04,東,Bグリーン,FT1,2017.04.04,72,5656,73.5,131
1028,2919,2919,高根カントリー倶楽部,南,Bグリーン,FT2,2017.04.04,東,Bグリーン,FT2,2017.04.04,72,5313,71.6,128
1029,2920,2920,高根カントリー倶楽部,南,Bグリーン,FT3,2017.04.04,東,Bグリーン,FT3,2017.04.04,72,5055,70.2,124
1030,2921,2921,高根カントリー倶楽部,東,Aグリーン,BT1,2017.04.04,西,Aグリーン,BT1,2017.04.04,72,6700,79.2,140
1031,2922,2922,高根カントリー倶楽部,東,Aグリーン,BT2,2017.04.04,西,Aグリーン,BT2,2017.04.04,72,6467,78.0,138
1032,2923,2923,高根カントリー倶楽部,東,Aグリーン,RT,2017.04.04,西,Aグリーン,RT,2017.04.04,72,6136,76.2,134
1033,2924,2924,高根カントリー倶楽部,東,Aグリーン,FT1,2017.04.04,西,Aグリーン,FT1,2017.04.04,72,5713,74.0,130
1034,2925,2925,高根カントリー倶楽部,東,Aグリーン,FT2,2017.04.04,西,Aグリーン,FT2,2017.04.04,72,5454,72.6,126
1035,2926,2926,高根カントリー倶楽部,東,Aグリーン,FT3,2017.04.04,西,Aグリーン,FT3,2017.04.04,72,5235,71.4,124
1036,2927,2927,高根カントリー倶楽部,東,Bグリーン,BT1,2017.04.04,西,Bグリーン,BT1,2017.04.04,72,6508,78.3,140
1037,2928,2928,高根カントリー倶楽部,東,Bグリーン,BT2,2017.04.04,西,Bグリーン,BT2,2017.04.04,72,6241,76.8,137
1038,2929,2929,高根カントリー倶楽部,東,Bグリーン,RT,2017.04.04,西,Bグリーン,RT,2017.04.04,72,5921,75.1,134
1039,2930,2930,高根カントリー倶楽部,東,Bグリーン,FT1,2017.04.04,西,Bグリーン,FT1,2017.04.04,72,5560,73.1,129
1040,2931,2931,高根カントリー倶楽部,東,Bグリーン,FT2,2017.04.04,西,Bグリーン,FT2,2017.04.04,72,5317,71.8,127
1041,2932,2932,高根カントリー倶楽部,東,Bグリーン,FT3,2017.04.04,西,Bグリーン,FT3,2017.04.04,72,5113,70.7,124
1042,5076,5076,中央都留カントリー倶楽部,OUT,AG,バック,2018.08.31,IN,AG,バック,2018.08.31,72,6371,76.2,137
1043,5077,5077,中央都留カントリー倶楽部,OUT,AG,レギュラー,2018.08.31,IN,AG,レギュラー,2018.08.31,72,5968,74.1,132
1044,5078,5078,中央都留カントリー倶楽部,OUT,AG,レディース,2018.08.31,IN,AG,レディース,2018.08.31,72,5145,69.7,123
1045,5079,5079,中央都留カントリー倶楽部,OUT,BG,バック,2018.08.31,IN,BG,バック,2018.08.31,72,5905,73.6,128
1046,5080,5080,中央都留カントリー倶楽部,OUT,BG,レギュラー,2018.08.31,IN,BG,レギュラー,2018.08.31,72,5499,71.4,124
1047,5081,5081,中央都留カントリー倶楽部,OUT,BG,レディース,2018.08.31,IN,BG,レディース,2018.08.31,72,4679,67.1,115
1048,4766,4766,那谷寺カントリー倶楽部,東,ベント,バック,2012.10.05,中,ベント,バック,2012.10.05,72,6458,78.1,135
1049,4767,4767,那谷寺カントリー倶楽部,東,ベント,レギュラー,2012.10.05,中,ベント,レギュラー,2012.10.05,72,5963,75.1,128
1050,4768,4768,那谷寺カントリー倶楽部,東,ベント,フロント,2012.10.05,中,ベント,フロント,2012.10.05,72,5875,74.7,128
1051,4769,4769,那谷寺カントリー倶楽部,東,ベント,レディス,2012.10.05,中,ベント,レディス,2012.10.05,72,5005,69.6,123
1052,7027,7027,名張サウスカントリー倶楽部,OUT,ベント,バック,2006.03.02,IN,ベント,バック,2006.03.02,72,6870,77.5,140
1053,7028,7028,名張サウスカントリー倶楽部,OUT,ベント,レギュラー,2006.03.02,IN,ベント,レギュラー,2006.03.02,72,6576,76.1,137
1054,7029,7029,名張サウスカントリー倶楽部,OUT,ベント,フロント,2006.03.02,IN,ベント,フロント,2006.03.02,72,6089,73.5,130
1055,7030,7030,名張サウスカントリー倶楽部,OUT,ベント,レディス,2006.03.02,IN,ベント,レディス,2006.03.02,72,5277,69.4,119
1056,7380,7380,名神栗東カントリー倶楽部,OUT,ベントA,レギュラー,2006.10.03,IN,ベントA,レギュラー,2006.10.03,72,6698,77.7,141
1057,7381,7381,名神栗東カントリー倶楽部,OUT,ベントA,フロント1,2006.10.03,IN,ベントA,フロント1,2006.10.03,72,6270,75.4,134
1058,7382,7382,名神栗東カントリー倶楽部,OUT,ベントA,フロント2,2006.10.03,IN,ベントA,フロント2,2006.10.03,72,5530,71.5,124
1059,7383,7383,名神栗東カントリー倶楽部,OUT,ベントB,レギュラー,2006.10.03,IN,ベントB,レギュラー,2006.10.03,72,6313,75.6,135
1060,7384,7384,名神栗東カントリー倶楽部,OUT,ベントB,フロント1,2006.10.03,IN,ベントB,フロント1,2006.10.03,72,5900,73.5,130
1061,7385,7385,名神栗東カントリー倶楽部,OUT,ベントB,フロント2,2006.10.03,IN,ベントB,フロント2,2006.10.03,72,5269,70.1,120
1062,101,101,小樽カントリー倶楽部,新OUT,ベント,チャンピオン,2017.10.27,新イン,ベント(右),チャンピオン,2017.10.27,72,7467,83.4,153
1063,102,102,小樽カントリー倶楽部,新OUT,ベント,バック,2017.10.27,新イン,ベント(右),バック,2017.10.27,72,6946,80.4,147
1064,103,103,小樽カントリー倶楽部,新OUT,ベント,レギュラー,2017.10.27,新イン,ベント(右),レギュラー,2017.10.27,72,6526,78.1,142
1065,104,104,小樽カントリー倶楽部,新OUT,ベント,フロント,2017.10.27,新イン,ベント(右),フロント,2017.10.27,72,6174,76.2,138
1066,105,105,小樽カントリー倶楽部,新OUT,ベント,チャンピオン,2017.10.27,新イン,ベント(左),チャンピオン,2017.10.27,72,7427,83.2,153
1067,106,106,小樽カントリー倶楽部,新OUT,ベント,バック,2017.10.27,新イン,ベント(左),バック,2017.10.27,72,6908,80.3,147
1068,107,107,小樽カントリー倶楽部,新OUT,ベント,レギュラー,2017.10.27,新イン,ベント(左),レギュラー,2017.10.27,72,6487,77.9,142
1069,108,108,小樽カントリー倶楽部,新OUT,ベント,フロント,2017.10.27,新イン,ベント(左),フロント,2017.10.27,72,6135,76.0,138
1070,109,109,小樽カントリー倶楽部,旧OUT,ベント,レギュラー,2021.05.07,旧イン,ベント,レギュラー,2021.05.07,72,6232,76.6,138
1071,8491,8491,倉敷カントリー倶楽部,OUT,ベント,フルバック,2019.06.20,IN,ベント,フルバック,2019.06.20,72,6763,79.5,143
1072,8492,8492,倉敷カントリー倶楽部,OUT,ベント,バック,2019.06.20,IN,ベント,バック,2019.06.20,72,6419,77.7,139
1073,8493,8493,倉敷カントリー倶楽部,OUT,ベント,レギュラー,2019.06.20,IN,ベント,レギュラー,2019.06.20,72,6128,76.1,136
1074,8494,8494,倉敷カントリー倶楽部,OUT,ベント,フロント,2019.06.20,IN,ベント,フロント,2019.06.20,72,5227,71.3,124
1075,8495,8495,倉敷カントリー倶楽部,OUT,ベント,レディース,2019.06.20,IN,ベント,レディース,2019.06.20,72,4871,68.8,118
1076,5647,5647,笹平カントリー倶楽部,OUT,ベント,フルバック,2013.06.25,IN,ベント,フルバック,2013.06.25,72,6805,79.6,146
1077,5648,5648,笹平カントリー倶楽部,OUT,ベント,バック,2013.06.25,IN,ベント,バック,2013.06.25,72,6383,77.6,143
1078,5649,5649,笹平カントリー倶楽部,OUT,ベント,レギュラー,2013.06.25,IN,ベント,レギュラー,2013.06.25,72,6056,75.4,138
1079,5650,5650,笹平カントリー倶楽部,OUT,ベント,レディス,2013.06.25,IN,ベント,レディス,2013.06.25,72,5680,73.2,133
1080,7128,7128,近江カントリー倶楽部,OUT,ベント,レギュラー,2017.03.30,IN,ベント,レギュラー,2017.03.30,72,6416,77.2,140
1081,7129,7129,近江カントリー倶楽部,OUT,ベント,フロント,2017.03.30,IN,ベント,フロント,2017.03.30,72,6194,75.8,137
1082,7130,7130,近江カントリー倶楽部,OUT,ベント,レディース,2017.03.30,IN,ベント,レディース,2017.03.30,72,5288,70.8,126
1083,10121,10121,大村湾カントリー倶楽部,ニューOUT,ベント,Cバック,2014.03.19,ニューイン,ベント,Cバック,2014.03.19,72,6827,79.6,147
1084,10122,10122,大村湾カントリー倶楽部,ニューOUT,ベント,バック,2014.03.19,ニューイン,ベント,バック,2014.03.19,72,6507,77.9,143
1085,10123,10123,大村湾カントリー倶楽部,ニューOUT,ベント,レギュラー,2014.03.19,ニューイン,ベント,レギュラー,2014.03.19,72,6304,76.7,141
1086,10124,10124,大村湾カントリー倶楽部,ニューOUT,ベント,フロント,2014.03.19,ニューイン,ベント,フロント,2014.03.19,72,5802,73.4,131
1087,10125,10125,大村湾カントリー倶楽部,ニューOUT,ベント,レディース1,2014.03.19,ニューイン,ベント,レディース1,2014.03.19,72,5095,69.4,122
1088,10126,10126,大村湾カントリー倶楽部,ニューOUT,ベント,レディース2,2014.03.19,ニューイン,ベント,レディース2,2014.03.19,72,4803,67.8,119
1089,10127,10127,大村湾カントリー倶楽部,オールドOUT,ベント,Cバック,2014.03.19,オールドイン,ベント,Cバック,2014.03.19,72,7015,80.1,144
1090,10128,10128,大村湾カントリー倶楽部,オールドOUT,ベント,バック,2014.03.19,オールドイン,ベント,バック,2014.03.19,72,6634,77.9,139
1091,10129,10129,大村湾カントリー倶楽部,オールドOUT,ベント,レギュラー,2014.03.19,オールドイン,ベント,レギュラー,2014.03.19,72,6555,77.5,139
1092,10130,10130,大村湾カントリー倶楽部,オールドOUT,ベント,フロント,2014.03.19,オールドイン,ベント,フロント,2014.03.19,72,6212,75.6,135
1093,10131,10131,大村湾カントリー倶楽部,オールドOUT,ベント,レディース1,2014.03.19,オールドイン,ベント,レディース1,2014.03.19,72,5569,71.6,122
1094,10132,10132,大村湾カントリー倶楽部,オールドOUT,ベント,レディース2,2014.03.19,オールドイン,ベント,レディース2,2014.03.19,72,5352,70.4,120
1095,5082,5082,都留カントリー倶楽部,かえで,メイングリーン,バック,2016.04.21,富士桜,メイングリーン,バック,2016.04.21,72,6700,78.3,143
1096,5083,5083,都留カントリー倶楽部,かえで,メイングリーン,レギュラー,2016.04.21,富士桜,メイングリーン,レギュラー,2016.04.21,72,6307,76.2,138
1097,5084,5084,都留カントリー倶楽部,かえで,メイングリーン,フロント1,2016.04.21,富士桜,メイングリーン,フロント1,2016.04.21,72,6122,75.2,137
1098,5085,5085,都留カントリー倶楽部,かえで,メイングリーン,レディース,2016.04.21,富士桜,メイングリーン,レディース,2016.04.21,72,5251,70.6,127
1099,5086,5086,都留カントリー倶楽部,かえで,サブグリーン,バック,2016.04.21,富士桜,サブグリーン,バック,2016.04.21,72,6494,77.3,141
1100,5087,5087,都留カントリー倶楽部,かえで,サブグリーン,レギュラー,2016.04.21,富士桜,サブグリーン,レギュラー,2016.04.21,72,6101,75.2,137
1101,5088,5088,都留カントリー倶楽部,かえで,サブグリーン,フロント1,2016.04.21,富士桜,サブグリーン,フロント1,2016.04.21,72,5962,74.5,136
1102,5089,5089,都留カントリー倶楽部,かえで,サブグリーン,レディース,2016.04.21,富士桜,サブグリーン,レディース,2016.04.21,72,5045,69.6,126
